date,time,datetime,ID,trial,timepoint,bin,tank,treatment,diameter,consumed,biomassconsumed_g,pycno,notes,bucket,trialtank,hourofexpt,hourselapsed,consumedperhour_pieces,consumedperhour_g
9/13/20,11:20:00,,1_17,1,0,17,A,empty,72,0,0,no,NA,empty,1A,0,,,
9/13/20,11:20:00,,1_2,1,0,2,A,empty,65,0,0,no,NA,empty,1A,0,,,
9/13/20,11:20:00,,1_3,1,0,3,A,empty,68,0,0,no,NA,empty,1A,0,,,
9/13/20,11:20:00,,1_4,1,0,4,A,empty,76,0,0,no,NA,empty,1A,0,,,
9/13/20,11:20:00,,1_10,1,0,10,A,empty,76,0,0,no,NA,empty,1A,0,,,
9/13/20,11:20:00,,1_12,1,0,12,B,empty,75,0,0,no,NA,empty,1B,0,,,
9/13/20,11:20:00,,1_15,1,0,15,B,empty,74,0,0,no,NA,empty,1B,0,,,
9/13/20,11:20:00,,1_16,1,0,16,B,empty,71,0,0,no,NA,empty,1B,0,,,
9/13/20,11:20:00,,1_13,1,0,13,B,empty,66,0,0,no,NA,empty,1B,0,,,
9/13/20,11:20:00,,1_14,1,0,14,B,empty,69,0,0,no,NA,empty,1B,0,,,
9/13/20,11:20:00,,1_1,1,0,1,C,pycno,75,0,0,yes,NA,pycno,1C,0,,,
9/13/20,11:20:00,,1_5,1,0,5,C,pycno,68,0,0,yes,NA,pycno,1C,0,,,
9/13/20,11:20:00,,1_7,1,0,7,C,pycno,65,0,0,yes,NA,pycno,1C,0,,,
9/13/20,11:20:00,,1_6,1,0,6,C,pycno,78,0,0,yes,NA,pycno,1C,0,,,
9/13/20,11:20:00,,1_18,1,0,18,C,pycno,61,0,0,yes,NA,pycno,1C,0,,,
9/17/20,10:45:00,,2_14,2,0,14,D,pycno,76,0,0,yes,NA,pycno,2D,0,,,
9/17/20,10:45:00,,2_16,2,0,16,D,pycno,69,0,0,yes,NA,pycno,2D,0,,,
9/17/20,10:45:00,,2_10,2,0,10,D,pycno,62,0,0,yes,NA,pycno,2D,0,,,
9/17/20,10:45:00,,2_9,2,0,9,D,pycno,72,0,0,yes,NA,pycno,2D,0,,,
9/17/20,10:45:00,,2_11,2,0,11,D,pycno,63,0,0,yes,NA,pycno,2D,0,,,
9/17/20,10:45:00,,2_17,2,0,17,D,pycno,71,0,0,yes,NA,pycno,2D,0,,,
9/17/20,10:45:00,,2_12,2,0,12,D,pycno,71,0,0,yes,NA,pycno,2D,0,,,
9/17/20,10:45:00,,2_7,2,0,7,E,empty,68,0,0,no,NA,empty,2E,0,,,
9/17/20,10:45:00,,2_5,2,0,5,E,empty,63,0,0,no,NA,empty,2E,0,,,
9/17/20,10:45:00,,2_13,2,0,13,E,empty,72,0,0,no,NA,empty,2E,0,,,
9/17/20,10:45:00,,2_2,2,0,2,E,empty,79,0,0,no,NA,empty,2E,0,,,
9/17/20,10:45:00,,2_1,2,0,1,E,empty,67,0,0,no,NA,empty,2E,0,,,
9/17/20,10:45:00,,2_15,2,0,15,E,empty,72,0,0,no,NA,empty,2E,0,,,
9/17/20,10:45:00,,2_3,2,0,3,E,empty,77,0,0,no,NA,empty,2E,0,,,
9/21/20,10:35:00,,3_5,3,0,5,D,empty,53,0,0,no,NA,empty,3D,0,,,
9/21/20,10:35:00,,3_7,3,0,7,D,empty,63,0,0,no,NA,empty,3D,0,,,
9/21/20,10:35:00,,3_1,3,0,1,D,empty,63,0,0,no,NA,empty,3D,0,,,
9/21/20,10:35:00,,3_14,3,0,14,D,empty,62,0,0,no,NA,empty,3D,0,,,
9/21/20,10:35:00,,3_16,3,0,16,D,empty,64,0,0,no,NA,empty,3D,0,,,
9/21/20,10:35:00,,3_6,3,0,6,D,empty,65,0,0,no,NA,empty,3D,0,,,
9/21/20,10:35:00,,3_10,3,0,10,D,empty,61,0,0,no,NA,empty,3D,0,,,
9/21/20,10:35:00,,3_15,3,0,15,E,pycno,75,0,0,yes,NA,pycno,3E,0,,,
9/21/20,10:35:00,,3_2,3,0,2,E,pycno,65,0,0,yes,NA,pycno,3E,0,,,
9/21/20,10:35:00,,3_17,3,0,17,E,pycno,74,0,0,yes,NA,pycno,3E,0,,,
9/21/20,10:35:00,,3_4,3,0,4,E,pycno,71,0,0,yes,NA,pycno,3E,0,,,
9/21/20,10:35:00,,3_12,3,0,12,E,pycno,90,0,0,yes,NA,pycno,3E,0,,,
9/21/20,10:35:00,,3_11,3,0,11,E,pycno,55,0,0,yes,NA,pycno,3E,0,,,
9/21/20,10:35:00,,3_9,3,0,9,E,pycno,42,0,0,yes,NA,pycno,3E,0,,,
9/25/20,11:00:00,,4_6,4,0,6,E,empty,67,0,0,no,NA,empty,4E,0,,,
9/25/20,11:00:00,,4_14,4,0,14,E,empty,65,0,0,no,NA,empty,4E,0,,,
9/25/20,11:00:00,,4_5,4,0,5,E,empty,80,0,0,no,NA,empty,4E,0,,,
9/25/20,11:00:00,,4_18,4,0,18,E,empty,85,0,0,no,NA,empty,4E,0,,,
9/25/20,11:00:00,,4_4,4,0,4,E,empty,71,0,0,no,NA,empty,4E,0,,,
9/25/20,11:00:00,,4_15,4,0,15,E,empty,72,0,0,no,NA,empty,4E,0,,,
9/25/20,11:00:00,,4_2,4,0,2,E,empty,74,0,0,no,NA,empty,4E,0,,,
9/25/20,11:00:00,,4_7,4,0,7,D,pycno,58,0,0,yes,NA,pycno,4D,0,,,
9/25/20,11:00:00,,4_17,4,0,17,D,pycno,71,0,0,yes,NA,pycno,4D,0,,,
9/25/20,11:00:00,,4_10,4,0,10,D,pycno,62,0,0,yes,NA,pycno,4D,0,,,
9/25/20,11:00:00,,4_1,4,0,1,D,pycno,72,0,0,yes,NA,pycno,4D,0,,,
9/25/20,11:00:00,,4_12,4,0,12,D,pycno,76,0,0,yes,NA,pycno,4D,0,,,
9/25/20,11:00:00,,4_11,4,0,11,D,pycno,64,0,0,yes,NA,pycno,4D,0,,,
9/25/20,11:00:00,,4_16,4,0,16,D,pycno,67,0,0,yes,NA,pycno,4D,0,,,
9/29/20,11:20:00,,5_18,5,0,18,D,empty,62,0,0,no,NA,empty,5D,0,,,
9/29/20,11:20:00,,5_1,5,0,1,D,empty,69,0,0,no,NA,empty,5D,0,,,
9/29/20,11:20:00,,5_10,5,0,10,D,empty,57,0,0,no,NA,empty,5D,0,,,
9/29/20,11:20:00,,5_7,5,0,7,D,empty,66,0,0,no,NA,empty,5D,0,,,
9/29/20,11:20:00,,5_5,5,0,5,D,empty,69,0,0,no,NA,empty,5D,0,,,
9/29/20,11:20:00,,5_15,5,0,15,D,empty,66,0,0,no,NA,empty,5D,0,,,
9/29/20,11:20:00,,5_11,5,0,11,D,empty,61,0,0,no,NA,empty,5D,0,,,
9/29/20,11:20:00,,5_13,5,0,13,E,pycno,75,0,0,yes,NA,pycno,5E,0,,,
9/29/20,11:20:00,,5_6,5,0,6,E,pycno,71,0,0,yes,NA,pycno,5E,0,,,
9/29/20,11:20:00,,5_4,5,0,4,E,pycno,70,0,0,yes,NA,pycno,5E,0,,,
9/29/20,11:20:00,,5_17,5,0,17,E,pycno,66,0,0,yes,NA,pycno,5E,0,,,
9/29/20,11:20:00,,5_16,5,0,16,E,pycno,56,0,0,yes,NA,pycno,5E,0,,,
9/29/20,11:20:00,,5_2,5,0,2,E,pycno,81,0,0,yes,NA,pycno,5E,0,,,
9/29/20,11:20:00,,5_14,5,0,14,E,pycno,66,0,0,yes,NA,pycno,5E,0,,,
9/13/20,14:00:00,,1_10,1,1,10,A,empty,76,0.4,0.1364,no,NA,empty,1A,3,3,0.133333333,0.045466667
9/13/20,14:00:00,,1_4,1,1,4,A,empty,76,0,0,no,"escaped at 1345, returned to bin",empty,1A,3,3,0,0
9/13/20,14:00:00,,1_3,1,1,3,A,empty,68,0,0,no,NA,empty,1A,3,3,0,0
9/13/20,14:00:00,,1_2,1,1,2,A,empty,65,0.8,0.2728,no,NA,empty,1A,3,3,0.266666667,0.090933333
9/13/20,14:00:00,,1_17,1,1,17,A,empty,72,0,0,no,NA,empty,1A,3,3,0,0
9/13/20,14:00:00,,1_14,1,1,14,B,empty,69,2,0.682,no,NA,empty,1B,3,3,0.666666667,0.227333333
9/13/20,14:00:00,,1_13,1,1,13,B,empty,66,0.1,0.0341,no,NA,empty,1B,3,3,0.033333333,0.011366667
9/13/20,14:00:00,,1_16,1,1,16,B,empty,71,0.3,0.1023,no,NA,empty,1B,3,3,0.1,0.0341
9/13/20,14:00:00,,1_15,1,1,15,B,empty,74,2,0.682,no,NA,empty,1B,3,3,0.666666667,0.227333333
9/13/20,14:00:00,,1_12,1,1,12,B,empty,75,2.2,0.7502,no,NA,empty,1B,3,3,0.733333333,0.250066667
9/13/20,14:00:00,,1_1,1,1,1,C,pycno,75,0.2,0.0682,yes,NA,pycno,1C,3,3,0.066666667,0.022733333
9/13/20,14:00:00,,1_5,1,1,5,C,pycno,68,0,0,yes,NA,pycno,1C,3,3,0,0
9/13/20,14:00:00,,1_7,1,1,7,C,pycno,65,0,0,yes,NA,pycno,1C,3,3,0,0
9/13/20,14:00:00,,1_6,1,1,6,C,pycno,78,0,0,yes,NA,pycno,1C,3,3,0,0
9/13/20,14:00:00,,1_18,1,1,18,C,pycno,61,0,0,yes,NA,pycno,1C,3,3,0,0
9/17/20,13:45:00,,2_7,2,1,7,E,empty,68,0,0,no,NA,empty,2E,3,3,0,0
9/17/20,13:45:00,,2_5,2,1,5,E,empty,63,0.9,0.3069,no,NA,empty,2E,3,3,0.3,0.1023
9/17/20,13:45:00,,2_13,2,1,13,E,empty,72,0,0,no,NA,empty,2E,3,3,0,0
9/17/20,13:45:00,,2_2,2,1,2,E,empty,79,5.5,1.8755,no,NA,empty,2E,3,3,1.833333333,0.625166667
9/17/20,13:45:00,,2_1,2,1,1,E,empty,67,0.4,0.1364,no,NA,empty,2E,3,3,0.133333333,0.045466667
9/17/20,13:45:00,,2_15,2,1,15,E,empty,72,0,0,no,NA,empty,2E,3,3,0,0
9/17/20,13:45:00,,2_3,2,1,3,E,empty,77,0.2,0.0682,no,NA,empty,2E,3,3,0.066666667,0.022733333
9/17/20,13:45:00,,2_14,2,1,14,D,pycno,76,0,0,yes,NA,pycno,2D,3,3,0,0
9/17/20,13:45:00,,2_16,2,1,16,D,pycno,69,0,0,yes,NA,pycno,2D,3,3,0,0
9/17/20,13:45:00,,2_10,2,1,10,D,pycno,62,0,0,yes,NA,pycno,2D,3,3,0,0
9/17/20,13:45:00,,2_9,2,1,9,D,pycno,72,0,0,yes,NA,pycno,2D,3,3,0,0
9/17/20,13:45:00,,2_11,2,1,11,D,pycno,63,0,0,yes,NA,pycno,2D,3,3,0,0
9/17/20,13:45:00,,2_17,2,1,17,D,pycno,71,0.4,0.1364,yes,NA,pycno,2D,3,3,0.133333333,0.045466667
9/17/20,13:45:00,,2_12,2,1,12,D,pycno,71,0,0,yes,NA,pycno,2D,3,3,0,0
9/21/20,13:50:00,,3_5,3,1,5,D,empty,53,0.5,0.1705,no,NA,empty,3D,3,3,0.166666667,0.056833333
9/21/20,13:50:00,,3_7,3,1,7,D,empty,63,0,0,no,NA,empty,3D,3,3,0,0
9/21/20,13:50:00,,3_1,3,1,1,D,empty,63,3.4,1.1594,no,NA,empty,3D,3,3,1.133333333,0.386466667
9/21/20,13:50:00,,3_14,3,1,14,D,empty,62,2.5,0.8525,no,NA,empty,3D,3,3,0.833333333,0.284166667
9/21/20,13:50:00,,3_16,3,1,16,D,empty,64,1,0.341,no,NA,empty,3D,3,3,0.333333333,0.113666667
9/21/20,13:50:00,,3_6,3,1,6,D,empty,65,0,0,no,NA,empty,3D,3,3,0,0
9/21/20,13:50:00,,3_10,3,1,10,D,empty,61,2.9,0.9889,no,NA,empty,3D,3,3,0.966666667,0.329633333
9/21/20,13:50:00,,3_15,3,1,15,E,pycno,75,0,0,yes,NA,pycno,3E,3,3,0,0
9/21/20,13:50:00,,3_2,3,1,2,E,pycno,65,0,0,yes,NA,pycno,3E,3,3,0,0
9/21/20,13:50:00,,3_17,3,1,17,E,pycno,74,0.3,0.1023,yes,NA,pycno,3E,3,3,0.1,0.0341
9/21/20,13:50:00,,3_4,3,1,4,E,pycno,71,0.7,0.2387,yes,NA,pycno,3E,3,3,0.233333333,0.079566667
9/21/20,13:50:00,,3_12,3,1,12,E,pycno,90,0,0,yes,NA,pycno,3E,3,3,0,0
9/21/20,13:50:00,,3_11,3,1,11,E,pycno,55,0,0,yes,NA,pycno,3E,3,3,0,0
9/21/20,13:50:00,,3_9,3,1,9,E,pycno,42,0,0,yes,NA,pycno,3E,3,3,0,0
9/25/20,13:50:00,,4_6,4,1,6,E,empty,67,0.3,0.1023,no,NA,empty,4E,3,3,0.1,0.0341
9/25/20,13:50:00,,4_14,4,1,14,E,empty,65,4.5,1.5345,no,NA,empty,4E,3,3,1.5,0.5115
9/25/20,13:50:00,,4_5,4,1,5,E,empty,80,3.9,1.3299,no,NA,empty,4E,3,3,1.3,0.4433
9/25/20,13:50:00,,4_18,4,1,18,E,empty,85,3.5,1.1935,no,NA,empty,4E,3,3,1.166666667,0.397833333
9/25/20,13:50:00,,4_4,4,1,4,E,empty,71,4.5,1.5345,no,NA,empty,4E,3,3,1.5,0.5115
9/25/20,13:50:00,,4_15,4,1,15,E,empty,72,0,0,no,NA,empty,4E,3,3,0,0
9/25/20,13:50:00,,4_2,4,1,2,E,empty,74,6,2.046,no,NA,empty,4E,3,3,2,0.682
9/25/20,13:50:00,,4_7,4,1,7,D,pycno,58,0.6,0.2046,yes,NA,pycno,4D,3,3,0.2,0.0682
9/25/20,13:50:00,,4_17,4,1,17,D,pycno,71,1.3,0.4433,yes,NA,pycno,4D,3,3,0.433333333,0.147766667
9/25/20,13:50:00,,4_10,4,1,10,D,pycno,62,0,0,yes,NA,pycno,4D,3,3,0,0
9/25/20,13:50:00,,4_1,4,1,1,D,pycno,72,0.2,0.0682,yes,NA,pycno,4D,3,3,0.066666667,0.022733333
9/25/20,13:50:00,,4_12,4,1,12,D,pycno,76,0,0,yes,NA,pycno,4D,3,3,0,0
9/25/20,13:50:00,,4_11,4,1,11,D,pycno,64,0.1,0.0341,yes,NA,pycno,4D,3,3,0.033333333,0.011366667
9/25/20,13:50:00,,4_16,4,1,16,D,pycno,67,0,0,yes,NA,pycno,4D,3,3,0,0
9/29/20,13:45:00,,5_18,5,1,18,D,empty,62,3.1,1.0571,no,NA,empty,5D,3,3,1.033333333,0.352366667
9/29/20,13:45:00,,5_1,5,1,1,D,empty,69,2.3,0.7843,no,NA,empty,5D,3,3,0.766666667,0.261433333
9/29/20,13:45:00,,5_10,5,1,10,D,empty,57,3.6,1.2276,no,NA,empty,5D,3,3,1.2,0.4092
9/29/20,13:45:00,,5_7,5,1,7,D,empty,66,1.7,0.5797,no,NA,empty,5D,3,3,0.566666667,0.193233333
9/29/20,13:45:00,,5_5,5,1,5,D,empty,69,0.9,0.3069,no,NA,empty,5D,3,3,0.3,0.1023
9/29/20,13:45:00,,5_15,5,1,15,D,empty,66,2.7,0.9207,no,NA,empty,5D,3,3,0.9,0.3069
9/29/20,13:45:00,,5_11,5,1,11,D,empty,61,1.6,0.5456,no,NA,empty,5D,3,3,0.533333333,0.181866667
9/29/20,13:45:00,,5_13,5,1,13,E,pycno,75,0.2,0.0682,yes,NA,pycno,5E,3,3,0.066666667,0.022733333
9/29/20,13:45:00,,5_6,5,1,6,E,pycno,71,1.3,0.4433,yes,NA,pycno,5E,3,3,0.433333333,0.147766667
9/29/20,13:45:00,,5_4,5,1,4,E,pycno,70,2.3,0.7843,yes,NA,pycno,5E,3,3,0.766666667,0.261433333
9/29/20,13:45:00,,5_17,5,1,17,E,pycno,66,0,0,yes,NA,pycno,5E,3,3,0,0
9/29/20,13:45:00,,5_16,5,1,16,E,pycno,56,1,0.341,yes,NA,pycno,5E,3,3,0.333333333,0.113666667
9/29/20,13:45:00,,5_2,5,1,2,E,pycno,81,0,0,yes,NA,pycno,5E,3,3,0,0
9/29/20,13:45:00,,5_14,5,1,14,E,pycno,66,2.6,0.8866,yes,NA,pycno,5E,3,3,0.866666667,0.295533333
9/13/20,20:00:00,,1_10,1,2,10,A,empty,76,2.1,0.7161,no,NA,empty,1A,9,6,0.35,0.11935
9/13/20,20:00:00,,1_4,1,2,4,A,empty,76,0,0,no,NA,empty,1A,9,6,0,0
9/13/20,20:00:00,,1_3,1,2,3,A,empty,68,0.4,0.1364,no,NA,empty,1A,9,6,0.066666667,0.022733333
9/13/20,20:00:00,,1_2,1,2,2,A,empty,65,1.7,0.5797,no,NA,empty,1A,9,6,0.283333333,0.096616667
9/13/20,20:00:00,,1_17,1,2,17,A,empty,72,0,0,no,NA,empty,1A,9,6,0,0
9/13/20,20:00:00,,1_14,1,2,14,B,empty,69,3.4,1.1594,no,NA,empty,1B,9,6,0.566666667,0.193233333
9/13/20,20:00:00,,1_13,1,2,13,B,empty,66,0,0,no,NA,empty,1B,9,6,0,0
9/13/20,20:00:00,,1_16,1,2,16,B,empty,71,0.1,0.0341,no,NA,empty,1B,9,6,0.016666667,0.005683333
9/13/20,20:00:00,,1_15,1,2,15,B,empty,74,3,1.023,no,NA,empty,1B,9,6,0.5,0.1705
9/13/20,20:00:00,,1_12,1,2,12,B,empty,75,3.3,1.1253,no,NA,empty,1B,9,6,0.55,0.18755
9/13/20,20:00:00,,1_1,1,2,1,C,pycno,75,0.1,0.0341,yes,NA,pycno,1C,9,6,0.016666667,0.005683333
9/13/20,20:00:00,,1_5,1,2,5,C,pycno,68,0,0,yes,NA,pycno,1C,9,6,0,0
9/13/20,20:00:00,,1_7,1,2,7,C,pycno,65,0,0,yes,NA,pycno,1C,9,6,0,0
9/13/20,20:00:00,,1_6,1,2,6,C,pycno,78,1,0.341,yes,NA,pycno,1C,9,6,0.166666667,0.056833333
9/13/20,20:00:00,,1_18,1,2,18,C,pycno,61,0,0,yes,NA,pycno,1C,9,6,0,0
9/17/20,19:55:00,,2_7,2,2,7,E,empty,68,0,0,no,NA,empty,2E,9,6,0,0
9/17/20,19:55:00,,2_5,2,2,5,E,empty,63,1,0.341,no,NA,empty,2E,9,6,0.166666667,0.056833333
9/17/20,19:55:00,,2_13,2,2,13,E,empty,72,0,0,no,NA,empty,2E,9,6,0,0
9/17/20,19:55:00,,2_2,2,2,2,E,empty,79,8.5,2.8985,no,NA,empty,2E,9,6,1.416666667,0.483083333
9/17/20,19:55:00,,2_1,2,2,1,E,empty,67,0.9,0.3069,no,NA,empty,2E,9,6,0.15,0.05115
9/17/20,19:55:00,,2_15,2,2,15,E,empty,72,0,0,no,NA,empty,2E,9,6,0,0
9/17/20,19:55:00,,2_3,2,2,3,E,empty,77,1.3,0.4433,no,"bin broke while taking out, transfered urchin to bin 6",empty,2E,9,6,0.216666667,0.073883333
9/17/20,19:55:00,,2_14,2,2,14,D,pycno,76,0.2,0.0682,yes,NA,pycno,2D,9,6,0.033333333,0.011366667
9/17/20,19:55:00,,2_16,2,2,16,D,pycno,69,0,0,yes,NA,pycno,2D,9,6,0,0
9/17/20,19:55:00,,2_10,2,2,10,D,pycno,62,0,0,yes,NA,pycno,2D,9,6,0,0
9/17/20,19:55:00,,2_9,2,2,9,D,pycno,72,0,0,yes,NA,pycno,2D,9,6,0,0
9/17/20,19:55:00,,2_11,2,2,11,D,pycno,63,0.6,0.2046,yes,NA,pycno,2D,9,6,0.1,0.0341
9/17/20,19:55:00,,2_17,2,2,17,D,pycno,71,0.8,0.2728,yes,NA,pycno,2D,9,6,0.133333333,0.045466667
9/17/20,19:55:00,,2_12,2,2,12,D,pycno,71,0,0,yes,NA,pycno,2D,9,6,0,0
9/21/20,19:55:00,,3_5,3,2,5,D,empty,53,0,0,no,NA,empty,3D,9,6,0,0
9/21/20,19:55:00,,3_7,3,2,7,D,empty,63,1,0.341,no,NA,empty,3D,9,6,0.166666667,0.056833333
9/21/20,19:55:00,,3_1,3,2,1,D,empty,63,3,1.023,no,NA,empty,3D,9,6,0.5,0.1705
9/21/20,19:55:00,,3_14,3,2,14,D,empty,62,1.3,0.4433,no,NA,empty,3D,9,6,0.216666667,0.073883333
9/21/20,19:55:00,,3_16,3,2,16,D,empty,64,0.3,0.1023,no,NA,empty,3D,9,6,0.05,0.01705
9/21/20,19:55:00,,3_6,3,2,6,D,empty,65,0,0,no,NA,empty,3D,9,6,0,0
9/21/20,19:55:00,,3_10,3,2,10,D,empty,61,0,0,no,NA,empty,3D,9,6,0,0
9/21/20,19:55:00,,3_15,3,2,15,E,pycno,75,0,0,yes,NA,pycno,3E,9,6,0,0
9/21/20,19:55:00,,3_2,3,2,2,E,pycno,65,0,0,yes,NA,pycno,3E,9,6,0,0
9/21/20,19:55:00,,3_17,3,2,17,E,pycno,74,0,0,yes,NA,pycno,3E,9,6,0,0
9/21/20,19:55:00,,3_4,3,2,4,E,pycno,71,0,0,yes,"visual measurement error gave negative number, changed to 0",pycno,3E,9,6,0,0
9/21/20,19:55:00,,3_12,3,2,12,E,pycno,90,0,0,yes,NA,pycno,3E,9,6,0,0
9/21/20,19:55:00,,3_11,3,2,11,E,pycno,55,0.4,0.1364,yes,NA,pycno,3E,9,6,0.066666667,0.022733333
9/21/20,19:55:00,,3_9,3,2,9,E,pycno,42,0.2,0.0682,yes,NA,pycno,3E,9,6,0.033333333,0.011366667
9/25/20,20:00:00,,4_6,4,2,6,E,empty,67,0.1,0.0341,no,NA,empty,4E,9,6,0.016666667,0.005683333
9/25/20,20:00:00,,4_14,4,2,14,E,empty,65,6.5,2.2165,no,NA,empty,4E,9,6,1.083333333,0.369416667
9/25/20,20:00:00,,4_5,4,2,5,E,empty,80,3.6,1.2276,no,NA,empty,4E,9,6,0.6,0.2046
9/25/20,20:00:00,,4_18,4,2,18,E,empty,85,4.4,1.5004,no,NA,empty,4E,9,6,0.733333333,0.250066667
9/25/20,20:00:00,,4_4,4,2,4,E,empty,71,6.6,2.2506,no,NA,empty,4E,9,6,1.1,0.3751
9/25/20,20:00:00,,4_15,4,2,15,E,empty,72,0,0,no,"visual measurement error gave negative number, changed to 0",empty,4E,9,6,0,0
9/25/20,20:00:00,,4_2,4,2,2,E,empty,74,8.2,2.7962,no,NA,empty,4E,9,6,1.366666667,0.466033333
9/25/20,20:00:00,,4_7,4,2,7,D,pycno,58,2.7,0.9207,yes,NA,pycno,4D,9,6,0.45,0.15345
9/25/20,20:00:00,,4_17,4,2,17,D,pycno,71,2,0.682,yes,NA,pycno,4D,9,6,0.333333333,0.113666667
9/25/20,20:00:00,,4_10,4,2,10,D,pycno,62,5,1.705,yes,NA,pycno,4D,9,6,0.833333333,0.284166667
9/25/20,20:00:00,,4_1,4,2,1,D,pycno,72,0,0,yes,urchin had escaped,pycno,4D,9,6,0,0
9/25/20,20:00:00,,4_12,4,2,12,D,pycno,76,0,0,yes,NA,pycno,4D,9,6,0,0
9/25/20,20:00:00,,4_11,4,2,11,D,pycno,64,0.5,0.1705,yes,NA,pycno,4D,9,6,0.083333333,0.028416667
9/25/20,20:00:00,,4_16,4,2,16,D,pycno,67,3,1.023,yes,NA,pycno,4D,9,6,0.5,0.1705
9/29/20,19:50:00,,5_18,5,2,18,D,empty,62,6.6,2.2506,no,NA,empty,5D,9,6,1.1,0.3751
9/29/20,19:50:00,,5_1,5,2,1,D,empty,69,7,2.387,no,NA,empty,5D,9,6,1.166666667,0.397833333
9/29/20,19:50:00,,5_10,5,2,10,D,empty,57,1.8,0.6138,no,NA,empty,5D,9,6,0.3,0.1023
9/29/20,19:50:00,,5_7,5,2,7,D,empty,66,4.5,1.5345,no,NA,empty,5D,9,6,0.75,0.25575
9/29/20,19:50:00,,5_5,5,2,5,D,empty,69,2.3,0.7843,no,NA,empty,5D,9,6,0.383333333,0.130716667
9/29/20,19:50:00,,5_15,5,2,15,D,empty,66,5.4,1.8414,no,NA,empty,5D,9,6,0.9,0.3069
9/29/20,19:50:00,,5_11,5,2,11,D,empty,61,1.7,0.5797,no,NA,empty,5D,9,6,0.283333333,0.096616667
9/29/20,19:50:00,,5_13,5,2,13,E,pycno,75,0.1,0.0341,yes,NA,pycno,5E,9,6,0.016666667,0.005683333
9/29/20,19:50:00,,5_6,5,2,6,E,pycno,71,0.7,0.2387,yes,NA,pycno,5E,9,6,0.116666667,0.039783333
9/29/20,19:50:00,,5_4,5,2,4,E,pycno,70,0.9,0.3069,yes,NA,pycno,5E,9,6,0.15,0.05115
9/29/20,19:50:00,,5_17,5,2,17,E,pycno,66,0.2,0.0682,yes,NA,pycno,5E,9,6,0.033333333,0.011366667
9/29/20,19:50:00,,5_16,5,2,16,E,pycno,56,1.2,0.4092,yes,NA,pycno,5E,9,6,0.2,0.0682
9/29/20,19:50:00,,5_2,5,2,2,E,pycno,81,0,0,yes,NA,pycno,5E,9,6,0,0
9/29/20,19:50:00,,5_14,5,2,14,E,pycno,66,4.2,1.4322,yes,NA,pycno,5E,9,6,0.7,0.2387
9/14/20,7:50:00,,1_10,1,3,10,A,empty,76,1.1,0.3751,no,NA,empty,1A,21,12,0.091666667,0.031258333
9/14/20,7:50:00,,1_4,1,3,4,A,empty,76,0,0,no,"escaped, returned to bin",empty,1A,21,12,0,0
9/14/20,7:50:00,,1_3,1,3,3,A,empty,68,2.8,0.9548,no,NA,empty,1A,21,12,0.233333333,0.079566667
9/14/20,7:50:00,,1_2,1,3,2,A,empty,65,0.1,0.0341,no,"escaped, returned to bin",empty,1A,21,12,0.008333333,0.002841667
9/14/20,7:50:00,,1_17,1,3,17,A,empty,72,0,0,no,NA,empty,1A,21,12,0,0
9/14/20,7:50:00,,1_14,1,3,14,B,empty,69,5,1.705,no,NA,empty,1B,21,12,0.416666667,0.142083333
9/14/20,7:50:00,,1_13,1,3,13,B,empty,66,4.2,1.4322,no,NA,empty,1B,21,12,0.35,0.11935
9/14/20,7:50:00,,1_16,1,3,16,B,empty,71,0.3,0.1023,no,"escaped, returned to bin",empty,1B,21,12,0.025,0.008525
9/14/20,7:50:00,,1_15,1,3,15,B,empty,74,3.5,1.1935,no,was in the process of escaping,empty,1B,21,12,0.291666667,0.099458333
9/14/20,7:50:00,,1_12,1,3,12,B,empty,75,2.5,0.8525,no,NA,empty,1B,21,12,0.208333333,0.071041667
9/14/20,7:50:00,,1_1,1,3,1,C,pycno,75,0.1,0.0341,yes,NA,pycno,1C,21,12,0.008333333,0.002841667
9/14/20,7:50:00,,1_5,1,3,5,C,pycno,68,0,0,yes,NA,pycno,1C,21,12,0,0
9/14/20,7:50:00,,1_7,1,3,7,C,pycno,65,0,0,yes,NA,pycno,1C,21,12,0,0
9/14/20,7:50:00,,1_6,1,3,6,C,pycno,78,2.9,0.9889,yes,NA,pycno,1C,21,12,0.241666667,0.082408333
9/14/20,7:50:00,,1_18,1,3,18,C,pycno,61,0,0,yes,NA,pycno,1C,21,12,0,0
9/18/20,7:45:00,,2_7,2,3,7,E,empty,68,0,0,no,NA,empty,2E,21,12,0,0
9/18/20,7:45:00,,2_5,2,3,5,E,empty,63,0.4,0.1364,no,urchin had escaped,empty,2E,21,12,0.033333333,0.011366667
9/18/20,7:45:00,,2_13,2,3,13,E,empty,72,0,0,no,NA,empty,2E,21,12,0,0
9/18/20,7:45:00,,2_2,2,3,2,E,empty,79,10,3.41,no,NA,empty,2E,21,12,0.833333333,0.284166667
9/18/20,7:45:00,,2_1,2,3,1,E,empty,67,0.9,0.3069,no,NA,empty,2E,21,12,0.075,0.025575
9/18/20,7:45:00,,2_15,2,3,15,E,empty,72,2.3,0.7843,no,NA,empty,2E,21,12,0.191666667,0.065358333
9/18/20,7:45:00,,2_3,2,3,3,E,empty,77,5,1.705,no,"now bucket 6, kept as 3 in bin column for analysis",empty,2E,21,12,0.416666667,0.142083333
9/18/20,7:45:00,,2_14,2,3,14,D,pycno,76,1.8,0.6138,yes,NA,pycno,2D,21,12,0.15,0.05115
9/18/20,7:45:00,,2_16,2,3,16,D,pycno,69,0,0,yes,NA,pycno,2D,21,12,0,0
9/18/20,7:45:00,,2_10,2,3,10,D,pycno,62,0.2,0.0682,yes,NA,pycno,2D,21,12,0.016666667,0.005683333
9/18/20,7:45:00,,2_9,2,3,9,D,pycno,72,0,0,yes,NA,pycno,2D,21,12,0,0
9/18/20,7:45:00,,2_11,2,3,11,D,pycno,63,7.3,2.4893,yes,NA,pycno,2D,21,12,0.608333333,0.207441667
9/18/20,7:45:00,,2_17,2,3,17,D,pycno,71,1,0.341,yes,NA,pycno,2D,21,12,0.083333333,0.028416667
9/18/20,7:45:00,,2_12,2,3,12,D,pycno,71,0,0,yes,NA,pycno,2D,21,12,0,0
9/22/20,7:55:00,,3_5,3,3,5,D,empty,53,0,0,no,NA,empty,3D,21,12,0,0
9/22/20,7:55:00,,3_7,3,3,7,D,empty,63,0,0,no,NA,empty,3D,21,12,0,0
9/22/20,7:55:00,,3_1,3,3,1,D,empty,63,1.2,0.4092,no,NA,empty,3D,21,12,0.1,0.0341
9/22/20,7:55:00,,3_14,3,3,14,D,empty,62,2,0.682,no,NA,empty,3D,21,12,0.166666667,0.056833333
9/22/20,7:55:00,,3_16,3,3,16,D,empty,64,1,0.341,no,NA,empty,3D,21,12,0.083333333,0.028416667
9/22/20,7:55:00,,3_6,3,3,6,D,empty,65,0,0,no,NA,empty,3D,21,12,0,0
9/22/20,7:55:00,,3_10,3,3,10,D,empty,61,0.1,0.0341,no,NA,empty,3D,21,12,0.008333333,0.002841667
9/22/20,7:55:00,,3_15,3,3,15,E,pycno,75,0,0,yes,urchin had escaped,pycno,3E,21,12,0,0
9/22/20,7:55:00,,3_2,3,3,2,E,pycno,65,0,0,yes,NA,pycno,3E,21,12,0,0
9/22/20,7:55:00,,3_17,3,3,17,E,pycno,74,0.2,0.0682,yes,NA,pycno,3E,21,12,0.016666667,0.005683333
9/22/20,7:55:00,,3_4,3,3,4,E,pycno,71,0,0,yes,NA,pycno,3E,21,12,0,0
9/22/20,7:55:00,,3_12,3,3,12,E,pycno,90,1.8,0.6138,yes,NA,pycno,3E,21,12,0.15,0.05115
9/22/20,7:55:00,,3_11,3,3,11,E,pycno,55,0.5,0.1705,yes,NA,pycno,3E,21,12,0.041666667,0.014208333
9/22/20,7:55:00,,3_9,3,3,9,E,pycno,42,1.4,0.4774,yes,NA,pycno,3E,21,12,0.116666667,0.039783333
9/26/20,7:50:00,,4_6,4,3,6,E,empty,67,0,0,no,NA,empty,4E,21,12,0,0
9/26/20,7:50:00,,4_14,4,3,14,E,empty,65,7.6,2.5916,no,NA,empty,4E,21,12,0.633333333,0.215966667
9/26/20,7:50:00,,4_5,4,3,5,E,empty,80,2.8,0.9548,no,NA,empty,4E,21,12,0.233333333,0.079566667
9/26/20,7:50:00,,4_18,4,3,18,E,empty,85,0.3,0.1023,no,NA,empty,4E,21,12,0.025,0.008525
9/26/20,7:50:00,,4_4,4,3,4,E,empty,71,11.6,3.9556,no,NA,empty,4E,21,12,0.966666667,0.329633333
9/26/20,7:50:00,,4_15,4,3,15,E,empty,72,0,0,no,NA,empty,4E,21,12,0,0
9/26/20,7:50:00,,4_2,4,3,2,E,empty,74,15.5,5.2855,no,NA,empty,4E,21,12,1.291666667,0.440458333
9/26/20,7:50:00,,4_7,4,3,7,D,pycno,58,2.5,0.8525,yes,NA,pycno,4D,21,12,0.208333333,0.071041667
9/26/20,7:50:00,,4_17,4,3,17,D,pycno,71,2,0.682,yes,NA,pycno,4D,21,12,0.166666667,0.056833333
9/26/20,7:50:00,,4_10,4,3,10,D,pycno,62,8.1,2.7621,yes,NA,pycno,4D,21,12,0.675,0.230175
9/26/20,7:50:00,,4_1,4,3,1,D,pycno,72,3.2,1.0912,yes,NA,pycno,4D,21,12,0.266666667,0.090933333
9/26/20,7:50:00,,4_12,4,3,12,D,pycno,76,0,0,yes,NA,pycno,4D,21,12,0,0
9/26/20,7:50:00,,4_11,4,3,11,D,pycno,64,0.6,0.2046,yes,NA,pycno,4D,21,12,0.05,0.01705
9/26/20,7:50:00,,4_16,4,3,16,D,pycno,67,4.7,1.6027,yes,NA,pycno,4D,21,12,0.391666667,0.133558333
9/30/20,7:50:00,,5_18,5,3,18,D,empty,62,3.3,1.1253,no,NA,empty,5D,21,12,0.275,0.093775
9/30/20,7:50:00,,5_1,5,3,1,D,empty,69,7.1,2.4211,no,NA,empty,5D,21,12,0.591666667,0.201758333
9/30/20,7:50:00,,5_10,5,3,10,D,empty,57,1,0.341,no,NA,empty,5D,21,12,0.083333333,0.028416667
9/30/20,7:50:00,,5_7,5,3,7,D,empty,66,1,0.341,no,NA,empty,5D,21,12,0.083333333,0.028416667
9/30/20,7:50:00,,5_5,5,3,5,D,empty,69,0.4,0.1364,no,NA,empty,5D,21,12,0.033333333,0.011366667
9/30/20,7:50:00,,5_15,5,3,15,D,empty,66,1.8,0.6138,no,NA,empty,5D,21,12,0.15,0.05115
9/30/20,7:50:00,,5_11,5,3,11,D,empty,61,3.6,1.2276,no,NA,empty,5D,21,12,0.3,0.1023
9/30/20,7:50:00,,5_13,5,3,13,E,pycno,75,0,0,yes,NA,pycno,5E,21,12,0,0
9/30/20,7:50:00,,5_6,5,3,6,E,pycno,71,0,0,yes,"visual measurement error gave negative number, changed to 0",pycno,5E,21,12,0,0
9/30/20,7:50:00,,5_4,5,3,4,E,pycno,70,0,0,yes,"visual measurement error gave negative number, changed to 0",pycno,5E,21,12,0,0
9/30/20,7:50:00,,5_17,5,3,17,E,pycno,66,0,0,yes,NA,pycno,5E,21,12,0,0
9/30/20,7:50:00,,5_16,5,3,16,E,pycno,56,0.4,0.1364,yes,urchin had escaped,pycno,5E,21,12,0.033333333,0.011366667
9/30/20,7:50:00,,5_2,5,3,2,E,pycno,81,0,0,yes,NA,pycno,5E,21,12,0,0
9/30/20,7:50:00,,5_14,5,3,14,E,pycno,66,2.3,0.7843,yes,NA,pycno,5E,21,12,0.191666667,0.065358333
9/14/20,14:00:00,,1_10,1,4,10,A,empty,76,1.1,0.3751,no,NA,empty,1A,27,6,0.183333333,0.062516667
9/14/20,14:00:00,,1_4,1,4,4,A,empty,76,4.4,1.5004,no,NA,empty,1A,27,6,0.733333333,0.250066667
9/14/20,14:00:00,,1_3,1,4,3,A,empty,68,2.5,0.8525,no,NA,empty,1A,27,6,0.416666667,0.142083333
9/14/20,14:00:00,,1_2,1,4,2,A,empty,65,0,0,no,NA,empty,1A,27,6,0,0
9/14/20,14:00:00,,1_17,1,4,17,A,empty,72,0,0,no,NA,empty,1A,27,6,0,0
9/14/20,14:00:00,,1_14,1,4,14,B,empty,69,1.9,0.6479,no,NA,empty,1B,27,6,0.316666667,0.107983333
9/14/20,14:00:00,,1_13,1,4,13,B,empty,66,1.5,0.5115,no,NA,empty,1B,27,6,0.25,0.08525
9/14/20,14:00:00,,1_16,1,4,16,B,empty,71,0.1,0.0341,no,NA,empty,1B,27,6,0.016666667,0.005683333
9/14/20,14:00:00,,1_15,1,4,15,B,empty,74,0.9,0.3069,no,NA,empty,1B,27,6,0.15,0.05115
9/14/20,14:00:00,,1_12,1,4,12,B,empty,75,2.9,0.9889,no,NA,empty,1B,27,6,0.483333333,0.164816667
9/14/20,14:00:00,,1_1,1,4,1,C,pycno,75,0,0,yes,NA,pycno,1C,27,6,0,0
9/14/20,14:00:00,,1_5,1,4,5,C,pycno,68,0,0,yes,NA,pycno,1C,27,6,0,0
9/14/20,14:00:00,,1_7,1,4,7,C,pycno,65,0,0,yes,NA,pycno,1C,27,6,0,0
9/14/20,14:00:00,,1_6,1,4,6,C,pycno,78,2.3,0.7843,yes,NA,pycno,1C,27,6,0.383333333,0.130716667
9/14/20,14:00:00,,1_18,1,4,18,C,pycno,61,0,0,yes,NA,pycno,1C,27,6,0,0
9/18/20,13:55:00,,2_7,2,4,7,E,empty,68,2,0.682,no,NA,empty,2E,27,6,0.333333333,0.113666667
9/18/20,13:55:00,,2_5,2,4,5,E,empty,63,2,0.682,no,NA,empty,2E,27,6,0.333333333,0.113666667
9/18/20,13:55:00,,2_13,2,4,13,E,empty,72,0,0,no,urchin had escaped,empty,2E,27,6,0,0
9/18/20,13:55:00,,2_2,2,4,2,E,empty,79,5.2,1.7732,no,NA,empty,2E,27,6,0.866666667,0.295533333
9/18/20,13:55:00,,2_1,2,4,1,E,empty,67,3.1,1.0571,no,NA,empty,2E,27,6,0.516666667,0.176183333
9/18/20,13:55:00,,2_15,2,4,15,E,empty,72,0.9,0.3069,no,NA,empty,2E,27,6,0.15,0.05115
9/18/20,13:55:00,,2_3,2,4,3,E,empty,77,4.9,1.6709,no,NA,empty,2E,27,6,0.816666667,0.278483333
9/18/20,13:55:00,,2_14,2,4,14,D,pycno,76,3.1,1.0571,yes,NA,pycno,2D,27,6,0.516666667,0.176183333
9/18/20,13:55:00,,2_16,2,4,16,D,pycno,69,0,0,yes,NA,pycno,2D,27,6,0,0
9/18/20,13:55:00,,2_10,2,4,10,D,pycno,62,0.1,0.0341,yes,NA,pycno,2D,27,6,0.016666667,0.005683333
9/18/20,13:55:00,,2_9,2,4,9,D,pycno,72,1.3,0.4433,yes,NA,pycno,2D,27,6,0.216666667,0.073883333
9/18/20,13:55:00,,2_11,2,4,11,D,pycno,63,5.9,2.0119,yes,NA,pycno,2D,27,6,0.983333333,0.335316667
9/18/20,13:55:00,,2_17,2,4,17,D,pycno,71,1.3,0.4433,yes,NA,pycno,2D,27,6,0.216666667,0.073883333
9/18/20,13:55:00,,2_12,2,4,12,D,pycno,71,0,0,yes,NA,pycno,2D,27,6,0,0
9/22/20,13:50:00,,3_5,3,4,5,D,empty,53,0.2,0.0682,no,NA,empty,3D,27,6,0.033333333,0.011366667
9/22/20,13:50:00,,3_7,3,4,7,D,empty,63,0,0,no,NA,empty,3D,27,6,0,0
9/22/20,13:50:00,,3_1,3,4,1,D,empty,63,5.2,1.7732,no,NA,empty,3D,27,6,0.866666667,0.295533333
9/22/20,13:50:00,,3_14,3,4,14,D,empty,62,6.4,2.1824,no,NA,empty,3D,27,6,1.066666667,0.363733333
9/22/20,13:50:00,,3_16,3,4,16,D,empty,64,0,0,no,NA,empty,3D,27,6,0,0
9/22/20,13:50:00,,3_6,3,4,6,D,empty,65,0.2,0.0682,no,NA,empty,3D,27,6,0.033333333,0.011366667
9/22/20,13:50:00,,3_10,3,4,10,D,empty,61,0,0,no,NA,empty,3D,27,6,0,0
9/22/20,13:50:00,,3_15,3,4,15,E,pycno,75,0,0,yes,NA,pycno,3E,27,6,0,0
9/22/20,13:50:00,,3_2,3,4,2,E,pycno,65,0,0,yes,NA,pycno,3E,27,6,0,0
9/22/20,13:50:00,,3_17,3,4,17,E,pycno,74,0.3,0.1023,yes,NA,pycno,3E,27,6,0.05,0.01705
9/22/20,13:50:00,,3_4,3,4,4,E,pycno,71,0,0,yes,NA,pycno,3E,27,6,0,0
9/22/20,13:50:00,,3_12,3,4,12,E,pycno,90,0,0,yes,NA,pycno,3E,27,6,0,0
9/22/20,13:50:00,,3_11,3,4,11,E,pycno,55,1.8,0.6138,yes,NA,pycno,3E,27,6,0.3,0.1023
9/22/20,13:50:00,,3_9,3,4,9,E,pycno,42,0.8,0.2728,yes,NA,pycno,3E,27,6,0.133333333,0.045466667
9/26/20,13:45:00,,4_6,4,4,6,E,empty,67,0,0,no,"visual measurement error gave negative number, changed to 0",empty,4E,27,6,0,0
9/26/20,13:45:00,,4_14,4,4,14,E,empty,65,4.6,1.5686,no,NA,empty,4E,27,6,0.766666667,0.261433333
9/26/20,13:45:00,,4_5,4,4,5,E,empty,80,3.4,1.1594,no,NA,empty,4E,27,6,0.566666667,0.193233333
9/26/20,13:45:00,,4_18,4,4,18,E,empty,85,1.6,0.5456,no,NA,empty,4E,27,6,0.266666667,0.090933333
9/26/20,13:45:00,,4_4,4,4,4,E,empty,71,2.1,0.7161,no,NA,empty,4E,27,6,0.35,0.11935
9/26/20,13:45:00,,4_15,4,4,15,E,empty,72,2.2,0.7502,no,NA,empty,4E,27,6,0.366666667,0.125033333
9/26/20,13:45:00,,4_2,4,4,2,E,empty,74,6.2,2.1142,no,NA,empty,4E,27,6,1.033333333,0.352366667
9/26/20,13:45:00,,4_7,4,4,7,D,pycno,58,1,0.341,yes,NA,pycno,4D,27,6,0.166666667,0.056833333
9/26/20,13:45:00,,4_17,4,4,17,D,pycno,71,0.1,0.0341,yes,NA,pycno,4D,27,6,0.016666667,0.005683333
9/26/20,13:45:00,,4_10,4,4,10,D,pycno,62,0.6,0.2046,yes,NA,pycno,4D,27,6,0.1,0.0341
9/26/20,13:45:00,,4_1,4,4,1,D,pycno,72,2.2,0.7502,yes,NA,pycno,4D,27,6,0.366666667,0.125033333
9/26/20,13:45:00,,4_12,4,4,12,D,pycno,76,0,0,yes,NA,pycno,4D,27,6,0,0
9/26/20,13:45:00,,4_11,4,4,11,D,pycno,64,5.8,1.9778,yes,NA,pycno,4D,27,6,0.966666667,0.329633333
9/26/20,13:45:00,,4_16,4,4,16,D,pycno,67,0.9,0.3069,yes,NA,pycno,4D,27,6,0.15,0.05115
9/30/20,13:50:00,,5_18,5,4,18,D,empty,62,3.7,1.2617,no,NA,empty,5D,27,6,0.616666667,0.210283333
9/30/20,13:50:00,,5_1,5,4,1,D,empty,69,5.1,1.7391,no,NA,empty,5D,27,6,0.85,0.28985
9/30/20,13:50:00,,5_10,5,4,10,D,empty,57,0.1,0.0341,no,NA,empty,5D,27,6,0.016666667,0.005683333
9/30/20,13:50:00,,5_7,5,4,7,D,empty,66,1.7,0.5797,no,NA,empty,5D,27,6,0.283333333,0.096616667
9/30/20,13:50:00,,5_5,5,4,5,D,empty,69,2.9,0.9889,no,NA,empty,5D,27,6,0.483333333,0.164816667
9/30/20,13:50:00,,5_15,5,4,15,D,empty,66,4.1,1.3981,no,NA,empty,5D,27,6,0.683333333,0.233016667
9/30/20,13:50:00,,5_11,5,4,11,D,empty,61,2.5,0.8525,no,swapped shredded pieces for whole equivalents,empty,5D,27,6,0.416666667,0.142083333
9/30/20,13:50:00,,5_13,5,4,13,E,pycno,75,0,0,yes,NA,pycno,5E,27,6,0,0
9/30/20,13:50:00,,5_6,5,4,6,E,pycno,71,0,0,yes,NA,pycno,5E,27,6,0,0
9/30/20,13:50:00,,5_4,5,4,4,E,pycno,70,0.7,0.2387,yes,NA,pycno,5E,27,6,0.116666667,0.039783333
9/30/20,13:50:00,,5_17,5,4,17,E,pycno,66,0.2,0.0682,yes,NA,pycno,5E,27,6,0.033333333,0.011366667
9/30/20,13:50:00,,5_16,5,4,16,E,pycno,56,3.2,1.0912,yes,NA,pycno,5E,27,6,0.533333333,0.181866667
9/30/20,13:50:00,,5_2,5,4,2,E,pycno,81,0,0,yes,NA,pycno,5E,27,6,0,0
9/30/20,13:50:00,,5_14,5,4,14,E,pycno,66,0.3,0.1023,yes,swapped shredded pieces for whole equivalents,pycno,5E,27,6,0.05,0.01705
9/14/20,19:45:00,,1_10,1,5,10,A,empty,76,5.3,1.8073,no,NA,empty,1A,33,6,0.883333333,0.301216667
9/14/20,19:45:00,,1_4,1,5,4,A,empty,76,3.5,1.1935,no,NA,empty,1A,33,6,0.583333333,0.198916667
9/14/20,19:45:00,,1_3,1,5,3,A,empty,68,4.1,1.3981,no,NA,empty,1A,33,6,0.683333333,0.233016667
9/14/20,19:45:00,,1_2,1,5,2,A,empty,65,0.3,0.1023,no,NA,empty,1A,33,6,0.05,0.01705
9/14/20,19:45:00,,1_17,1,5,17,A,empty,72,1.5,0.5115,no,NA,empty,1A,33,6,0.25,0.08525
9/14/20,19:45:00,,1_14,1,5,14,B,empty,69,3.7,1.2617,no,NA,empty,1B,33,6,0.616666667,0.210283333
9/14/20,19:45:00,,1_13,1,5,13,B,empty,66,4.6,1.5686,no,NA,empty,1B,33,6,0.766666667,0.261433333
9/14/20,19:45:00,,1_16,1,5,16,B,empty,71,0,0,no,"visual measurement error gave negative number, changed to 0",empty,1B,33,6,0,0
9/14/20,19:45:00,,1_15,1,5,15,B,empty,74,4.7,1.6027,no,NA,empty,1B,33,6,0.783333333,0.267116667
9/14/20,19:45:00,,1_12,1,5,12,B,empty,75,0.7,0.2387,no,NA,empty,1B,33,6,0.116666667,0.039783333
9/14/20,19:45:00,,1_1,1,5,1,C,pycno,75,2.6,0.8866,yes,NA,pycno,1C,33,6,0.433333333,0.147766667
9/14/20,19:45:00,,1_5,1,5,5,C,pycno,68,0,0,yes,NA,pycno,1C,33,6,0,0
9/14/20,19:45:00,,1_7,1,5,7,C,pycno,65,0,0,yes,NA,pycno,1C,33,6,0,0
9/14/20,19:45:00,,1_6,1,5,6,C,pycno,78,4.9,1.6709,yes,NA,pycno,1C,33,6,0.816666667,0.278483333
9/14/20,19:45:00,,1_18,1,5,18,C,pycno,61,0.6,0.2046,yes,NA,pycno,1C,33,6,0.1,0.0341
9/18/20,19:55:00,,2_7,2,5,7,E,empty,68,0.3,0.1023,no,NA,empty,2E,33,6,0.05,0.01705
9/18/20,19:55:00,,2_5,2,5,5,E,empty,63,2.3,0.7843,no,NA,empty,2E,33,6,0.383333333,0.130716667
9/18/20,19:55:00,,2_13,2,5,13,E,empty,72,0,0,no,NA,empty,2E,33,6,0,0
9/18/20,19:55:00,,2_2,2,5,2,E,empty,79,7.6,2.5916,no,NA,empty,2E,33,6,1.266666667,0.431933333
9/18/20,19:55:00,,2_1,2,5,1,E,empty,67,3.3,1.1253,no,NA,empty,2E,33,6,0.55,0.18755
9/18/20,19:55:00,,2_15,2,5,15,E,empty,72,0.6,0.2046,no,NA,empty,2E,33,6,0.1,0.0341
9/18/20,19:55:00,,2_3,2,5,3,E,empty,77,4.9,1.6709,no,NA,empty,2E,33,6,0.816666667,0.278483333
9/18/20,19:55:00,,2_14,2,5,14,D,pycno,76,4.7,1.6027,yes,NA,pycno,2D,33,6,0.783333333,0.267116667
9/18/20,19:55:00,,2_16,2,5,16,D,pycno,69,0,0,yes,NA,pycno,2D,33,6,0,0
9/18/20,19:55:00,,2_10,2,5,10,D,pycno,62,1.9,0.6479,yes,NA,pycno,2D,33,6,0.316666667,0.107983333
9/18/20,19:55:00,,2_9,2,5,9,D,pycno,72,1.2,0.4092,yes,NA,pycno,2D,33,6,0.2,0.0682
9/18/20,19:55:00,,2_11,2,5,11,D,pycno,63,0.7,0.2387,yes,NA,pycno,2D,33,6,0.116666667,0.039783333
9/18/20,19:55:00,,2_17,2,5,17,D,pycno,71,5.1,1.7391,yes,NA,pycno,2D,33,6,0.85,0.28985
9/18/20,19:55:00,,2_12,2,5,12,D,pycno,71,3.2,1.0912,yes,NA,pycno,2D,33,6,0.533333333,0.181866667
9/22/20,19:50:00,,3_5,3,5,5,D,empty,53,0,0,no,urchin had escaped,empty,3D,33,6,0,0
9/22/20,19:50:00,,3_7,3,5,7,D,empty,63,0,0,no,NA,empty,3D,33,6,0,0
9/22/20,19:50:00,,3_1,3,5,1,D,empty,63,3.7,1.2617,no,NA,empty,3D,33,6,0.616666667,0.210283333
9/22/20,19:50:00,,3_14,3,5,14,D,empty,62,2.3,0.7843,no,NA,empty,3D,33,6,0.383333333,0.130716667
9/22/20,19:50:00,,3_16,3,5,16,D,empty,64,0.6,0.2046,no,NA,empty,3D,33,6,0.1,0.0341
9/22/20,19:50:00,,3_6,3,5,6,D,empty,65,0,0,no,NA,empty,3D,33,6,0,0
9/22/20,19:50:00,,3_10,3,5,10,D,empty,61,0,0,no,NA,empty,3D,33,6,0,0
9/22/20,19:50:00,,3_15,3,5,15,E,pycno,75,0,0,yes,NA,pycno,3E,33,6,0,0
9/22/20,19:50:00,,3_2,3,5,2,E,pycno,65,0,0,yes,NA,pycno,3E,33,6,0,0
9/22/20,19:50:00,,3_17,3,5,17,E,pycno,74,3.1,1.0571,yes,NA,pycno,3E,33,6,0.516666667,0.176183333
9/22/20,19:50:00,,3_4,3,5,4,E,pycno,71,0,0,yes,NA,pycno,3E,33,6,0,0
9/22/20,19:50:00,,3_12,3,5,12,E,pycno,90,1.3,0.4433,yes,NA,pycno,3E,33,6,0.216666667,0.073883333
9/22/20,19:50:00,,3_11,3,5,11,E,pycno,55,2.1,0.7161,yes,NA,pycno,3E,33,6,0.35,0.11935
9/22/20,19:50:00,,3_9,3,5,9,E,pycno,42,2.7,0.9207,yes,NA,pycno,3E,33,6,0.45,0.15345
9/26/20,19:45:00,,4_6,4,5,6,E,empty,67,0.1,0.0341,no,NA,empty,4E,33,6,0.016666667,0.005683333
9/26/20,19:45:00,,4_14,4,5,14,E,empty,65,6.1,2.0801,no,NA,empty,4E,33,6,1.016666667,0.346683333
9/26/20,19:45:00,,4_5,4,5,5,E,empty,80,4,1.364,no,NA,empty,4E,33,6,0.666666667,0.227333333
9/26/20,19:45:00,,4_18,4,5,18,E,empty,85,0.2,0.0682,no,NA,empty,4E,33,6,0.033333333,0.011366667
9/26/20,19:45:00,,4_4,4,5,4,E,empty,71,6,2.046,no,NA,empty,4E,33,6,1,0.341
9/26/20,19:45:00,,4_15,4,5,15,E,empty,72,0,0,no,NA,empty,4E,33,6,0,0
9/26/20,19:45:00,,4_2,4,5,2,E,empty,74,5.1,1.7391,no,NA,empty,4E,33,6,0.85,0.28985
9/26/20,19:45:00,,4_7,4,5,7,D,pycno,58,0,0,yes,NA,pycno,4D,33,6,0,0
9/26/20,19:45:00,,4_17,4,5,17,D,pycno,71,1,0.341,yes,NA,pycno,4D,33,6,0.166666667,0.056833333
9/26/20,19:45:00,,4_10,4,5,10,D,pycno,62,1.8,0.6138,yes,NA,pycno,4D,33,6,0.3,0.1023
9/26/20,19:45:00,,4_1,4,5,1,D,pycno,72,1.1,0.3751,yes,urchin had escaped,pycno,4D,33,6,0.183333333,0.062516667
9/26/20,19:45:00,,4_12,4,5,12,D,pycno,76,0,0,yes,NA,pycno,4D,33,6,0,0
9/26/20,19:45:00,,4_11,4,5,11,D,pycno,64,7.6,2.5916,yes,NA,pycno,4D,33,6,1.266666667,0.431933333
9/26/20,19:45:00,,4_16,4,5,16,D,pycno,67,2.1,0.7161,yes,NA,pycno,4D,33,6,0.35,0.11935
9/30/20,19:50:00,,5_18,5,5,18,D,empty,62,0.7,0.2387,no,NA,empty,5D,33,6,0.116666667,0.039783333
9/30/20,19:50:00,,5_1,5,5,1,D,empty,69,3.4,1.1594,no,NA,empty,5D,33,6,0.566666667,0.193233333
9/30/20,19:50:00,,5_10,5,5,10,D,empty,57,1.7,0.5797,no,NA,empty,5D,33,6,0.283333333,0.096616667
9/30/20,19:50:00,,5_7,5,5,7,D,empty,66,2.2,0.7502,no,NA,empty,5D,33,6,0.366666667,0.125033333
9/30/20,19:50:00,,5_5,5,5,5,D,empty,69,0,0,no,"visual measurement error gave negative number, changed to 0",empty,5D,33,6,0,0
9/30/20,19:50:00,,5_15,5,5,15,D,empty,66,5.9,2.0119,no,NA,empty,5D,33,6,0.983333333,0.335316667
9/30/20,19:50:00,,5_11,5,5,11,D,empty,61,3.8,1.2958,no,NA,empty,5D,33,6,0.633333333,0.215966667
9/30/20,19:50:00,,5_13,5,5,13,E,pycno,75,0.7,0.2387,yes,NA,pycno,5E,33,6,0.116666667,0.039783333
9/30/20,19:50:00,,5_6,5,5,6,E,pycno,71,0.1,0.0341,yes,NA,pycno,5E,33,6,0.016666667,0.005683333
9/30/20,19:50:00,,5_4,5,5,4,E,pycno,70,2.9,0.9889,yes,NA,pycno,5E,33,6,0.483333333,0.164816667
9/30/20,19:50:00,,5_17,5,5,17,E,pycno,66,0.6,0.2046,yes,NA,pycno,5E,33,6,0.1,0.0341
9/30/20,19:50:00,,5_16,5,5,16,E,pycno,56,0.8,0.2728,yes,NA,pycno,5E,33,6,0.133333333,0.045466667
9/30/20,19:50:00,,5_2,5,5,2,E,pycno,81,0,0,yes,NA,pycno,5E,33,6,0,0
9/30/20,19:50:00,,5_14,5,5,14,E,pycno,66,2.4,0.8184,yes,NA,pycno,5E,33,6,0.4,0.1364
9/15/20,7:40:00,,1_10,1,6,10,A,empty,76,0.8,0.2728,no,NA,empty,1A,45,12,0.066666667,0.022733333
9/15/20,7:40:00,,1_4,1,6,4,A,empty,76,6.9,2.3529,no,NA,empty,1A,45,12,0.575,0.196075
9/15/20,7:40:00,,1_3,1,6,3,A,empty,68,3.4,1.1594,no,NA,empty,1A,45,12,0.283333333,0.096616667
9/15/20,7:40:00,,1_2,1,6,2,A,empty,65,0,0,no,NA,empty,1A,45,12,0,0
9/15/20,7:40:00,,1_17,1,6,17,A,empty,72,0.3,0.1023,no,NA,empty,1A,45,12,0.025,0.008525
9/15/20,7:40:00,,1_14,1,6,14,B,empty,69,2,0.682,no,NA,empty,1B,45,12,0.166666667,0.056833333
9/15/20,7:40:00,,1_13,1,6,13,B,empty,66,3.4,1.1594,no,NA,empty,1B,45,12,0.283333333,0.096616667
9/15/20,7:40:00,,1_16,1,6,16,B,empty,71,0,0,no,NA,empty,1B,45,12,0,0
9/15/20,7:40:00,,1_15,1,6,15,B,empty,74,1,0.341,no,NA,empty,1B,45,12,0.083333333,0.028416667
9/15/20,7:40:00,,1_12,1,6,12,B,empty,75,12.7,4.3307,no,NA,empty,1B,45,12,1.058333333,0.360891667
9/15/20,7:40:00,,1_1,1,6,1,C,pycno,75,4.4,1.5004,yes,NA,pycno,1C,45,12,0.366666667,0.125033333
9/15/20,7:40:00,,1_5,1,6,5,C,pycno,68,2.8,0.9548,yes,NA,pycno,1C,45,12,0.233333333,0.079566667
9/15/20,7:40:00,,1_7,1,6,7,C,pycno,65,0,0,yes,NA,pycno,1C,45,12,0,0
9/15/20,7:40:00,,1_6,1,6,6,C,pycno,78,1,0.341,yes,NA,pycno,1C,45,12,0.083333333,0.028416667
9/15/20,7:40:00,,1_18,1,6,18,C,pycno,61,0.2,0.0682,yes,NA,pycno,1C,45,12,0.016666667,0.005683333
9/19/20,7:45:00,,2_7,2,6,7,E,empty,68,1.8,0.6138,no,NA,empty,2E,45,12,0.15,0.05115
9/19/20,7:45:00,,2_5,2,6,5,E,empty,63,0,0,no,NA,empty,2E,45,12,0,0
9/19/20,7:45:00,,2_13,2,6,13,E,empty,72,0.4,0.1364,no,NA,empty,2E,45,12,0.033333333,0.011366667
9/19/20,7:45:00,,2_2,2,6,2,E,empty,79,8.5,2.8985,no,NA,empty,2E,45,12,0.708333333,0.241541667
9/19/20,7:45:00,,2_1,2,6,1,E,empty,67,0.1,0.0341,no,NA,empty,2E,45,12,0.008333333,0.002841667
9/19/20,7:45:00,,2_15,2,6,15,E,empty,72,3.6,1.2276,no,NA,empty,2E,45,12,0.3,0.1023
9/19/20,7:45:00,,2_3,2,6,3,E,empty,77,4.5,1.5345,no,NA,empty,2E,45,12,0.375,0.127875
9/19/20,7:45:00,,2_14,2,6,14,D,pycno,76,1.3,0.4433,yes,NA,pycno,2D,45,12,0.108333333,0.036941667
9/19/20,7:45:00,,2_16,2,6,16,D,pycno,69,0,0,yes,NA,pycno,2D,45,12,0,0
9/19/20,7:45:00,,2_10,2,6,10,D,pycno,62,4.2,1.4322,yes,NA,pycno,2D,45,12,0.35,0.11935
9/19/20,7:45:00,,2_9,2,6,9,D,pycno,72,1.7,0.5797,yes,NA,pycno,2D,45,12,0.141666667,0.048308333
9/19/20,7:45:00,,2_11,2,6,11,D,pycno,63,1.7,0.5797,yes,NA,pycno,2D,45,12,0.141666667,0.048308333
9/19/20,7:45:00,,2_17,2,6,17,D,pycno,71,1.6,0.5456,yes,urchin had escaped,pycno,2D,45,12,0.133333333,0.045466667
9/19/20,7:45:00,,2_12,2,6,12,D,pycno,71,1.8,0.6138,yes,NA,pycno,2D,45,12,0.15,0.05115
9/23/20,7:55:00,,3_5,3,6,5,D,empty,53,0,0,no,"visual measurement error gave negative number, changed to 0",empty,3D,45,12,0,0
9/23/20,7:55:00,,3_7,3,6,7,D,empty,63,0.7,0.2387,no,NA,empty,3D,45,12,0.058333333,0.019891667
9/23/20,7:55:00,,3_1,3,6,1,D,empty,63,2.5,0.8525,no,NA,empty,3D,45,12,0.208333333,0.071041667
9/23/20,7:55:00,,3_14,3,6,14,D,empty,62,3.2,1.0912,no,NA,empty,3D,45,12,0.266666667,0.090933333
9/23/20,7:55:00,,3_16,3,6,16,D,empty,64,3.3,1.1253,no,NA,empty,3D,45,12,0.275,0.093775
9/23/20,7:55:00,,3_6,3,6,6,D,empty,65,1.2,0.4092,no,NA,empty,3D,45,12,0.1,0.0341
9/23/20,7:55:00,,3_10,3,6,10,D,empty,61,0,0,no,NA,empty,3D,45,12,0,0
9/23/20,7:55:00,,3_15,3,6,15,E,pycno,75,0.9,0.3069,yes,urchin had escaped,pycno,3E,45,12,0.075,0.025575
9/23/20,7:55:00,,3_2,3,6,2,E,pycno,65,0,0,yes,NA,pycno,3E,45,12,0,0
9/23/20,7:55:00,,3_17,3,6,17,E,pycno,74,2.4,0.8184,yes,NA,pycno,3E,45,12,0.2,0.0682
9/23/20,7:55:00,,3_4,3,6,4,E,pycno,71,0,0,yes,NA,pycno,3E,45,12,0,0
9/23/20,7:55:00,,3_12,3,6,12,E,pycno,90,2.9,0.9889,yes,NA,pycno,3E,45,12,0.241666667,0.082408333
9/23/20,7:55:00,,3_11,3,6,11,E,pycno,55,5.5,1.8755,yes,NA,pycno,3E,45,12,0.458333333,0.156291667
9/23/20,7:55:00,,3_9,3,6,9,E,pycno,42,1.3,0.4433,yes,NA,pycno,3E,45,12,0.108333333,0.036941667
9/27/20,7:55:00,,4_6,4,6,6,E,empty,67,0,0,no,NA,empty,4E,45,12,0,0
9/27/20,7:55:00,,4_14,4,6,14,E,empty,65,7.3,2.4893,no,NA,empty,4E,45,12,0.608333333,0.207441667
9/27/20,7:55:00,,4_5,4,6,5,E,empty,80,4.6,1.5686,no,NA,empty,4E,45,12,0.383333333,0.130716667
9/27/20,7:55:00,,4_18,4,6,18,E,empty,85,0,0,no,"urchin had escaped, visual measurement error negative number changed to 0",empty,4E,45,12,0,0
9/27/20,7:55:00,,4_4,4,6,4,E,empty,71,6.5,2.2165,no,NA,empty,4E,45,12,0.541666667,0.184708333
9/27/20,7:55:00,,4_15,4,6,15,E,empty,72,0,0,no,NA,empty,4E,45,12,0,0
9/27/20,7:55:00,,4_2,4,6,2,E,empty,74,10.8,3.6828,no,NA,empty,4E,45,12,0.9,0.3069
9/27/20,7:55:00,,4_7,4,6,7,D,pycno,58,1.2,0.4092,yes,NA,pycno,4D,45,12,0.1,0.0341
9/27/20,7:55:00,,4_17,4,6,17,D,pycno,71,4,1.364,yes,NA,pycno,4D,45,12,0.333333333,0.113666667
9/27/20,7:55:00,,4_10,4,6,10,D,pycno,62,6.8,2.3188,yes,NA,pycno,4D,45,12,0.566666667,0.193233333
9/27/20,7:55:00,,4_1,4,6,1,D,pycno,72,5,1.705,yes,NA,pycno,4D,45,12,0.416666667,0.142083333
9/27/20,7:55:00,,4_12,4,6,12,D,pycno,76,0,0,yes,NA,pycno,4D,45,12,0,0
9/27/20,7:55:00,,4_11,4,6,11,D,pycno,64,1.9,0.6479,yes,NA,pycno,4D,45,12,0.158333333,0.053991667
9/27/20,7:55:00,,4_16,4,6,16,D,pycno,67,5.2,1.7732,yes,NA,pycno,4D,45,12,0.433333333,0.147766667
10/1/20,7:55:00,,5_18,5,6,18,D,empty,62,3.8,1.2958,no,NA,empty,5D,45,12,0.316666667,0.107983333
10/1/20,7:55:00,,5_1,5,6,1,D,empty,69,4.9,1.6709,no,NA,empty,5D,45,12,0.408333333,0.139241667
10/1/20,7:55:00,,5_10,5,6,10,D,empty,57,3.4,1.1594,no,NA,empty,5D,45,12,0.283333333,0.096616667
10/1/20,7:55:00,,5_7,5,6,7,D,empty,66,3.3,1.1253,no,NA,empty,5D,45,12,0.275,0.093775
10/1/20,7:55:00,,5_5,5,6,5,D,empty,69,4.1,1.3981,no,NA,empty,5D,45,12,0.341666667,0.116508333
10/1/20,7:55:00,,5_15,5,6,15,D,empty,66,4,1.364,no,NA,empty,5D,45,12,0.333333333,0.113666667
10/1/20,7:55:00,,5_11,5,6,11,D,empty,61,7.3,2.4893,no,NA,empty,5D,45,12,0.608333333,0.207441667
10/1/20,7:55:00,,5_13,5,6,13,E,pycno,75,0.2,0.0682,yes,NA,pycno,5E,45,12,0.016666667,0.005683333
10/1/20,7:55:00,,5_6,5,6,6,E,pycno,71,0.4,0.1364,yes,NA,pycno,5E,45,12,0.033333333,0.011366667
10/1/20,7:55:00,,5_4,5,6,4,E,pycno,70,2.8,0.9548,yes,NA,pycno,5E,45,12,0.233333333,0.079566667
10/1/20,7:55:00,,5_17,5,6,17,E,pycno,66,1.6,0.5456,yes,NA,pycno,5E,45,12,0.133333333,0.045466667
10/1/20,7:55:00,,5_16,5,6,16,E,pycno,56,2.7,0.9207,yes,urchin had escaped,pycno,5E,45,12,0.225,0.076725
10/1/20,7:55:00,,5_2,5,6,2,E,pycno,81,0,0,yes,NA,pycno,5E,45,12,0,0
10/1/20,7:55:00,,5_14,5,6,14,E,pycno,66,0,0,yes,"visual measurement error gave negative number, changed to 0",pycno,5E,45,12,0,0
9/15/20,11:40:00,,1_10,1,7,10,A,empty,76,1.3,0.4433,no,NA,empty,1A,51,6,0.216666667,0.073883333
9/15/20,11:40:00,,1_4,1,7,4,A,empty,76,1.4,0.4774,no,NA,empty,1A,51,6,0.233333333,0.079566667
9/15/20,11:40:00,,1_3,1,7,3,A,empty,68,0.1,0.0341,no,NA,empty,1A,51,6,0.016666667,0.005683333
9/15/20,11:40:00,,1_2,1,7,2,A,empty,65,0,0,no,"visual measurement error gave negative number, changed to 0",empty,1A,51,6,0,0
9/15/20,11:40:00,,1_17,1,7,17,A,empty,72,1.3,0.4433,no,NA,empty,1A,51,6,0.216666667,0.073883333
9/15/20,11:40:00,,1_14,1,7,14,B,empty,69,3.1,1.0571,no,NA,empty,1B,51,6,0.516666667,0.176183333
9/15/20,11:40:00,,1_13,1,7,13,B,empty,66,3,1.023,no,NA,empty,1B,51,6,0.5,0.1705
9/15/20,11:40:00,,1_16,1,7,16,B,empty,71,0,0,no,NA,empty,1B,51,6,0,0
9/15/20,11:40:00,,1_15,1,7,15,B,empty,74,0,0,no,"visual measurement error gave negative number, changed to 0",empty,1B,51,6,0,0
9/15/20,11:40:00,,1_12,1,7,12,B,empty,75,3.1,1.0571,no,NA,empty,1B,51,6,0.516666667,0.176183333
9/15/20,11:40:00,,1_1,1,7,1,C,pycno,75,1.4,0.4774,yes,NA,pycno,1C,51,6,0.233333333,0.079566667
9/15/20,11:40:00,,1_5,1,7,5,C,pycno,68,1.4,0.4774,yes,NA,pycno,1C,51,6,0.233333333,0.079566667
9/15/20,11:40:00,,1_7,1,7,7,C,pycno,65,0,0,yes,NA,pycno,1C,51,6,0,0
9/15/20,11:40:00,,1_6,1,7,6,C,pycno,78,0,0,yes,NA,pycno,1C,51,6,0,0
9/15/20,11:40:00,,1_18,1,7,18,C,pycno,61,0.2,0.0682,yes,NA,pycno,1C,51,6,0.033333333,0.011366667
9/19/20,13:55:00,,2_7,2,7,7,E,empty,68,0.8,0.2728,no,NA,empty,2E,51,6,0.133333333,0.045466667
9/19/20,13:55:00,,2_5,2,7,5,E,empty,63,1.4,0.4774,no,NA,empty,2E,51,6,0.233333333,0.079566667
9/19/20,13:55:00,,2_13,2,7,13,E,empty,72,0.5,0.1705,no,NA,empty,2E,51,6,0.083333333,0.028416667
9/19/20,13:55:00,,2_2,2,7,2,E,empty,79,4.2,1.4322,no,NA,empty,2E,51,6,0.7,0.2387
9/19/20,13:55:00,,2_1,2,7,1,E,empty,67,2.2,0.7502,no,NA,empty,2E,51,6,0.366666667,0.125033333
9/19/20,13:55:00,,2_15,2,7,15,E,empty,72,0.5,0.1705,no,NA,empty,2E,51,6,0.083333333,0.028416667
9/19/20,13:55:00,,2_3,2,7,3,E,empty,77,6.2,2.1142,no,NA,empty,2E,51,6,1.033333333,0.352366667
9/19/20,13:55:00,,2_14,2,7,14,D,pycno,76,1.1,0.3751,yes,NA,pycno,2D,51,6,0.183333333,0.062516667
9/19/20,13:55:00,,2_16,2,7,16,D,pycno,69,1,0.341,yes,NA,pycno,2D,51,6,0.166666667,0.056833333
9/19/20,13:55:00,,2_10,2,7,10,D,pycno,62,1.4,0.4774,yes,NA,pycno,2D,51,6,0.233333333,0.079566667
9/19/20,13:55:00,,2_9,2,7,9,D,pycno,72,0.1,0.0341,yes,NA,pycno,2D,51,6,0.016666667,0.005683333
9/19/20,13:55:00,,2_11,2,7,11,D,pycno,63,3.4,1.1594,yes,NA,pycno,2D,51,6,0.566666667,0.193233333
9/19/20,13:55:00,,2_17,2,7,17,D,pycno,71,2.6,0.8866,yes,NA,pycno,2D,51,6,0.433333333,0.147766667
9/19/20,13:55:00,,2_12,2,7,12,D,pycno,71,4.4,1.5004,yes,NA,pycno,2D,51,6,0.733333333,0.250066667
9/23/20,13:50:00,,3_5,3,7,5,D,empty,53,0.3,0.1023,no,NA,empty,3D,51,6,0.05,0.01705
9/23/20,13:50:00,,3_7,3,7,7,D,empty,63,0,0,no,NA,empty,3D,51,6,0,0
9/23/20,13:50:00,,3_1,3,7,1,D,empty,63,7.4,2.5234,no,NA,empty,3D,51,6,1.233333333,0.420566667
9/23/20,13:50:00,,3_14,3,7,14,D,empty,62,7.3,2.4893,no,NA,empty,3D,51,6,1.216666667,0.414883333
9/23/20,13:50:00,,3_16,3,7,16,D,empty,64,0.1,0.0341,no,NA,empty,3D,51,6,0.016666667,0.005683333
9/23/20,13:50:00,,3_6,3,7,6,D,empty,65,2.4,0.8184,no,NA,empty,3D,51,6,0.4,0.1364
9/23/20,13:50:00,,3_10,3,7,10,D,empty,61,0,0,no,NA,empty,3D,51,6,0,0
9/23/20,13:50:00,,3_15,3,7,15,E,pycno,75,0,0,yes,"urchin in the process of escaping, visual measurement error gave negative number, changed to 0",pycno,3E,51,6,0,0
9/23/20,13:50:00,,3_2,3,7,2,E,pycno,65,0,0,yes,NA,pycno,3E,51,6,0,0
9/23/20,13:50:00,,3_17,3,7,17,E,pycno,74,2.6,0.8866,yes,NA,pycno,3E,51,6,0.433333333,0.147766667
9/23/20,13:50:00,,3_4,3,7,4,E,pycno,71,1.8,0.6138,yes,NA,pycno,3E,51,6,0.3,0.1023
9/23/20,13:50:00,,3_12,3,7,12,E,pycno,90,1.7,0.5797,yes,NA,pycno,3E,51,6,0.283333333,0.096616667
9/23/20,13:50:00,,3_11,3,7,11,E,pycno,55,3.1,1.0571,yes,NA,pycno,3E,51,6,0.516666667,0.176183333
9/23/20,13:50:00,,3_9,3,7,9,E,pycno,42,1.8,0.6138,yes,NA,pycno,3E,51,6,0.3,0.1023
9/27/20,13:45:00,,4_6,4,7,6,E,empty,67,0,0,no,NA,empty,4E,51,6,0,0
9/27/20,13:45:00,,4_14,4,7,14,E,empty,65,2.1,0.7161,no,NA,empty,4E,51,6,0.35,0.11935
9/27/20,13:45:00,,4_5,4,7,5,E,empty,80,2.4,0.8184,no,NA,empty,4E,51,6,0.4,0.1364
9/27/20,13:45:00,,4_18,4,7,18,E,empty,85,0.3,0.1023,no,NA,empty,4E,51,6,0.05,0.01705
9/27/20,13:45:00,,4_4,4,7,4,E,empty,71,5.1,1.7391,no,NA,empty,4E,51,6,0.85,0.28985
9/27/20,13:45:00,,4_15,4,7,15,E,empty,72,0,0,no,NA,empty,4E,51,6,0,0
9/27/20,13:45:00,,4_2,4,7,2,E,empty,74,6,2.046,no,NA,empty,4E,51,6,1,0.341
9/27/20,13:45:00,,4_7,4,7,7,D,pycno,58,0,0,yes,NA,pycno,4D,51,6,0,0
9/27/20,13:45:00,,4_17,4,7,17,D,pycno,71,3.4,1.1594,yes,NA,pycno,4D,51,6,0.566666667,0.193233333
9/27/20,13:45:00,,4_10,4,7,10,D,pycno,62,1.9,0.6479,yes,NA,pycno,4D,51,6,0.316666667,0.107983333
9/27/20,13:45:00,,4_1,4,7,1,D,pycno,72,2.1,0.7161,yes,NA,pycno,4D,51,6,0.35,0.11935
9/27/20,13:45:00,,4_12,4,7,12,D,pycno,76,0,0,yes,NA,pycno,4D,51,6,0,0
9/27/20,13:45:00,,4_11,4,7,11,D,pycno,64,0.6,0.2046,yes,NA,pycno,4D,51,6,0.1,0.0341
9/27/20,13:45:00,,4_16,4,7,16,D,pycno,67,2.9,0.9889,yes,NA,pycno,4D,51,6,0.483333333,0.164816667
10/1/20,13:45:00,,5_18,5,7,18,D,empty,62,3.1,1.0571,no,NA,empty,5D,51,6,0.516666667,0.176183333
10/1/20,13:45:00,,5_1,5,7,1,D,empty,69,7.9,2.6939,no,NA,empty,5D,51,6,1.316666667,0.448983333
10/1/20,13:45:00,,5_10,5,7,10,D,empty,57,0,0,no,"visual measurement error gave negative number, changed to 0",empty,5D,51,6,0,0
10/1/20,13:45:00,,5_7,5,7,7,D,empty,66,2.3,0.7843,no,NA,empty,5D,51,6,0.383333333,0.130716667
10/1/20,13:45:00,,5_5,5,7,5,D,empty,69,1.1,0.3751,no,NA,empty,5D,51,6,0.183333333,0.062516667
10/1/20,13:45:00,,5_15,5,7,15,D,empty,66,3.3,1.1253,no,NA,empty,5D,51,6,0.55,0.18755
10/1/20,13:45:00,,5_11,5,7,11,D,empty,61,0.8,0.2728,no,NA,empty,5D,51,6,0.133333333,0.045466667
10/1/20,13:45:00,,5_13,5,7,13,E,pycno,75,0,0,yes,NA,pycno,5E,51,6,0,0
10/1/20,13:45:00,,5_6,5,7,6,E,pycno,71,0,0,yes,"visual measurement error gave negative number, changed to 0",pycno,5E,51,6,0,0
10/1/20,13:45:00,,5_4,5,7,4,E,pycno,70,0.4,0.1364,yes,NA,pycno,5E,51,6,0.066666667,0.022733333
10/1/20,13:45:00,,5_17,5,7,17,E,pycno,66,2.5,0.8525,yes,NA,pycno,5E,51,6,0.416666667,0.142083333
10/1/20,13:45:00,,5_16,5,7,16,E,pycno,56,1.1,0.3751,yes,NA,pycno,5E,51,6,0.183333333,0.062516667
10/1/20,13:45:00,,5_2,5,7,2,E,pycno,81,0.2,0.0682,yes,NA,pycno,5E,51,6,0.033333333,0.011366667
10/1/20,13:45:00,,5_14,5,7,14,E,pycno,66,5.5,1.8755,yes,NA,pycno,5E,51,6,0.916666667,0.312583333
9/19/20,19:50:00,,2_7,2,8,7,E,empty,68,0.1,0.0341,no,NA,empty,2E,57,6,0.016666667,0.005683333
9/19/20,19:50:00,,2_5,2,8,5,E,empty,63,1.3,0.4433,no,NA,empty,2E,57,6,0.216666667,0.073883333
9/19/20,19:50:00,,2_13,2,8,13,E,empty,72,0,0,no,NA,empty,2E,57,6,0,0
9/19/20,19:50:00,,2_2,2,8,2,E,empty,79,6.7,2.2847,no,NA,empty,2E,57,6,1.116666667,0.380783333
9/19/20,19:50:00,,2_1,2,8,1,E,empty,67,7.6,2.5916,no,NA,empty,2E,57,6,1.266666667,0.431933333
9/19/20,19:50:00,,2_15,2,8,15,E,empty,72,2.8,0.9548,no,NA,empty,2E,57,6,0.466666667,0.159133333
9/19/20,19:50:00,,2_3,2,8,3,E,empty,77,6.3,2.1483,no,NA,empty,2E,57,6,1.05,0.35805
9/19/20,19:50:00,,2_14,2,8,14,D,pycno,76,3.3,1.1253,yes,NA,pycno,2D,57,6,0.55,0.18755
9/19/20,19:50:00,,2_16,2,8,16,D,pycno,69,1.4,0.4774,yes,NA,pycno,2D,57,6,0.233333333,0.079566667
9/19/20,19:50:00,,2_10,2,8,10,D,pycno,62,3.4,1.1594,yes,NA,pycno,2D,57,6,0.566666667,0.193233333
9/19/20,19:50:00,,2_9,2,8,9,D,pycno,72,0.9,0.3069,yes,NA,pycno,2D,57,6,0.15,0.05115
9/19/20,19:50:00,,2_11,2,8,11,D,pycno,63,3.6,1.2276,yes,NA,pycno,2D,57,6,0.6,0.2046
9/19/20,19:50:00,,2_17,2,8,17,D,pycno,71,2.4,0.8184,yes,0.5 piece of kelp may have come out when bin returned to tank,pycno,2D,57,6,0.4,0.1364
9/19/20,19:50:00,,2_12,2,8,12,D,pycno,71,0.3,0.1023,yes,NA,pycno,2D,57,6,0.05,0.01705
9/23/20,19:50:00,,3_5,3,8,5,D,empty,53,0.7,0.2387,no,NA,empty,3D,57,6,0.116666667,0.039783333
9/23/20,19:50:00,,3_7,3,8,7,D,empty,63,0,0,no,NA,empty,3D,57,6,0,0
9/23/20,19:50:00,,3_1,3,8,1,D,empty,63,4.6,1.5686,no,NA,empty,3D,57,6,0.766666667,0.261433333
9/23/20,19:50:00,,3_14,3,8,14,D,empty,62,2.6,0.8866,no,NA,empty,3D,57,6,0.433333333,0.147766667
9/23/20,19:50:00,,3_16,3,8,16,D,empty,64,0,0,no,"visual measurement error gave negative number, changed to 0",empty,3D,57,6,0,0
9/23/20,19:50:00,,3_6,3,8,6,D,empty,65,1.9,0.6479,no,NA,empty,3D,57,6,0.316666667,0.107983333
9/23/20,19:50:00,,3_10,3,8,10,D,empty,61,1,0.341,no,NA,empty,3D,57,6,0.166666667,0.056833333
9/23/20,19:50:00,,3_15,3,8,15,E,pycno,75,0.2,0.0682,yes,NA,pycno,3E,57,6,0.033333333,0.011366667
9/23/20,19:50:00,,3_2,3,8,2,E,pycno,65,1,0.341,yes,NA,pycno,3E,57,6,0.166666667,0.056833333
9/23/20,19:50:00,,3_17,3,8,17,E,pycno,74,1.7,0.5797,yes,NA,pycno,3E,57,6,0.283333333,0.096616667
9/23/20,19:50:00,,3_4,3,8,4,E,pycno,71,8,2.728,yes,NA,pycno,3E,57,6,1.333333333,0.454666667
9/23/20,19:50:00,,3_12,3,8,12,E,pycno,90,1.3,0.4433,yes,NA,pycno,3E,57,6,0.216666667,0.073883333
9/23/20,19:50:00,,3_11,3,8,11,E,pycno,55,4.1,1.3981,yes,NA,pycno,3E,57,6,0.683333333,0.233016667
9/23/20,19:50:00,,3_9,3,8,9,E,pycno,42,1.8,0.6138,yes,NA,pycno,3E,57,6,0.3,0.1023
9/27/20,19:40:00,,4_6,4,8,6,E,empty,67,0,0,no,NA,empty,4E,57,6,0,0
9/27/20,19:40:00,,4_14,4,8,14,E,empty,65,7.7,2.6257,no,NA,empty,4E,57,6,1.283333333,0.437616667
9/27/20,19:40:00,,4_5,4,8,5,E,empty,80,4,1.364,no,NA,empty,4E,57,6,0.666666667,0.227333333
9/27/20,19:40:00,,4_18,4,8,18,E,empty,85,1.7,0.5797,no,NA,empty,4E,57,6,0.283333333,0.096616667
9/27/20,19:40:00,,4_4,4,8,4,E,empty,71,4.4,1.5004,no,NA,empty,4E,57,6,0.733333333,0.250066667
9/27/20,19:40:00,,4_15,4,8,15,E,empty,72,0,0,no,NA,empty,4E,57,6,0,0
9/27/20,19:40:00,,4_2,4,8,2,E,empty,74,7,2.387,no,NA,empty,4E,57,6,1.166666667,0.397833333
9/27/20,19:40:00,,4_7,4,8,7,D,pycno,58,0.1,0.0341,yes,NA,pycno,4D,57,6,0.016666667,0.005683333
9/27/20,19:40:00,,4_17,4,8,17,D,pycno,71,1.2,0.4092,yes,NA,pycno,4D,57,6,0.2,0.0682
9/27/20,19:40:00,,4_10,4,8,10,D,pycno,62,0.6,0.2046,yes,NA,pycno,4D,57,6,0.1,0.0341
9/27/20,19:40:00,,4_1,4,8,1,D,pycno,72,2.1,0.7161,yes,NA,pycno,4D,57,6,0.35,0.11935
9/27/20,19:40:00,,4_12,4,8,12,D,pycno,76,0,0,yes,NA,pycno,4D,57,6,0,0
9/27/20,19:40:00,,4_11,4,8,11,D,pycno,64,4.6,1.5686,yes,NA,pycno,4D,57,6,0.766666667,0.261433333
9/27/20,19:40:00,,4_16,4,8,16,D,pycno,67,5.6,1.9096,yes,NA,pycno,4D,57,6,0.933333333,0.318266667
10/1/20,19:45:00,,5_18,5,8,18,D,empty,62,3.4,1.1594,no,NA,empty,5D,57,6,0.566666667,0.193233333
10/1/20,19:45:00,,5_1,5,8,1,D,empty,69,3,1.023,no,NA,empty,5D,57,6,0.5,0.1705
10/1/20,19:45:00,,5_10,5,8,10,D,empty,57,0,0,no,"visual measurement error gave negative number, changed to 0",empty,5D,57,6,0,0
10/1/20,19:45:00,,5_7,5,8,7,D,empty,66,3.3,1.1253,no,NA,empty,5D,57,6,0.55,0.18755
10/1/20,19:45:00,,5_5,5,8,5,D,empty,69,0.8,0.2728,no,NA,empty,5D,57,6,0.133333333,0.045466667
10/1/20,19:45:00,,5_15,5,8,15,D,empty,66,5.3,1.8073,no,NA,empty,5D,57,6,0.883333333,0.301216667
10/1/20,19:45:00,,5_11,5,8,11,D,empty,61,3,1.023,no,NA,empty,5D,57,6,0.5,0.1705
10/1/20,19:45:00,,5_13,5,8,13,E,pycno,75,0.1,0.0341,yes,NA,pycno,5E,57,6,0.016666667,0.005683333
10/1/20,19:45:00,,5_6,5,8,6,E,pycno,71,0.3,0.1023,yes,NA,pycno,5E,57,6,0.05,0.01705
10/1/20,19:45:00,,5_4,5,8,4,E,pycno,70,2.3,0.7843,yes,NA,pycno,5E,57,6,0.383333333,0.130716667
10/1/20,19:45:00,,5_17,5,8,17,E,pycno,66,2.2,0.7502,yes,NA,pycno,5E,57,6,0.366666667,0.125033333
10/1/20,19:45:00,,5_16,5,8,16,E,pycno,56,2.4,0.8184,yes,NA,pycno,5E,57,6,0.4,0.1364
10/1/20,19:45:00,,5_2,5,8,2,E,pycno,81,0,0,yes,NA,pycno,5E,57,6,0,0
10/1/20,19:45:00,,5_14,5,8,14,E,pycno,66,7.8,2.6598,yes,NA,pycno,5E,57,6,1.3,0.4433
9/20/20,7:50:00,,2_7,2,9,7,E,empty,68,0.7,0.2387,no,NA,empty,2E,69,12,0.058333333,0.019891667
9/20/20,7:50:00,,2_5,2,9,5,E,empty,63,2.9,0.9889,no,NA,empty,2E,69,12,0.241666667,0.082408333
9/20/20,7:50:00,,2_13,2,9,13,E,empty,72,0.8,0.2728,no,NA,empty,2E,69,12,0.066666667,0.022733333
9/20/20,7:50:00,,2_2,2,9,2,E,empty,79,15.5,5.2855,no,NA,empty,2E,69,12,1.291666667,0.440458333
9/20/20,7:50:00,,2_1,2,9,1,E,empty,67,4.5,1.5345,no,NA,empty,2E,69,12,0.375,0.127875
9/20/20,7:50:00,,2_15,2,9,15,E,empty,72,7.5,2.5575,no,NA,empty,2E,69,12,0.625,0.213125
9/20/20,7:50:00,,2_3,2,9,3,E,empty,77,5.5,1.8755,no,NA,empty,2E,69,12,0.458333333,0.156291667
9/20/20,7:50:00,,2_14,2,9,14,D,pycno,76,4.3,1.4663,yes,NA,pycno,2D,69,12,0.358333333,0.122191667
9/20/20,7:50:00,,2_16,2,9,16,D,pycno,69,1.8,0.6138,yes,NA,pycno,2D,69,12,0.15,0.05115
9/20/20,7:50:00,,2_10,2,9,10,D,pycno,62,4.1,1.3981,yes,NA,pycno,2D,69,12,0.341666667,0.116508333
9/20/20,7:50:00,,2_9,2,9,9,D,pycno,72,3.7,1.2617,yes,NA,pycno,2D,69,12,0.308333333,0.105141667
9/20/20,7:50:00,,2_11,2,9,11,D,pycno,63,5.6,1.9096,yes,NA,pycno,2D,69,12,0.466666667,0.159133333
9/20/20,7:50:00,,2_17,2,9,17,D,pycno,71,3.5,1.1935,yes,NA,pycno,2D,69,12,0.291666667,0.099458333
9/20/20,7:50:00,,2_12,2,9,12,D,pycno,71,1.9,0.6479,yes,NA,pycno,2D,69,12,0.158333333,0.053991667
9/24/20,7:50:00,,3_5,3,9,5,D,empty,53,0.7,0.2387,no,NA,empty,3D,69,12,0.058333333,0.019891667
9/24/20,7:50:00,,3_7,3,9,7,D,empty,63,0,0,no,"visual measurement error gave negative number, changed to 0",empty,3D,69,12,0,0
9/24/20,7:50:00,,3_1,3,9,1,D,empty,63,2.4,0.8184,no,NA,empty,3D,69,12,0.2,0.0682
9/24/20,7:50:00,,3_14,3,9,14,D,empty,62,5.2,1.7732,no,NA,empty,3D,69,12,0.433333333,0.147766667
9/24/20,7:50:00,,3_16,3,9,16,D,empty,64,3.2,1.0912,no,NA,empty,3D,69,12,0.266666667,0.090933333
9/24/20,7:50:00,,3_6,3,9,6,D,empty,65,1.8,0.6138,no,NA,empty,3D,69,12,0.15,0.05115
9/24/20,7:50:00,,3_10,3,9,10,D,empty,61,1,0.341,no,NA,empty,3D,69,12,0.083333333,0.028416667
9/24/20,7:50:00,,3_15,3,9,15,E,pycno,75,1.2,0.4092,yes,NA,pycno,3E,69,12,0.1,0.0341
9/24/20,7:50:00,,3_2,3,9,2,E,pycno,65,0.5,0.1705,yes,NA,pycno,3E,69,12,0.041666667,0.014208333
9/24/20,7:50:00,,3_17,3,9,17,E,pycno,74,3.5,1.1935,yes,NA,pycno,3E,69,12,0.291666667,0.099458333
9/24/20,7:50:00,,3_4,3,9,4,E,pycno,71,7.1,2.4211,yes,NA,pycno,3E,69,12,0.591666667,0.201758333
9/24/20,7:50:00,,3_12,3,9,12,E,pycno,90,1,0.341,yes,NA,pycno,3E,69,12,0.083333333,0.028416667
9/24/20,7:50:00,,3_11,3,9,11,E,pycno,55,5.1,1.7391,yes,NA,pycno,3E,69,12,0.425,0.144925
9/24/20,7:50:00,,3_9,3,9,9,E,pycno,42,0.1,0.0341,yes,NA,pycno,3E,69,12,0.008333333,0.002841667
9/28/20,7:40:00,,4_6,4,9,6,E,empty,67,0.8,0.2728,no,NA,empty,4E,69,12,0.066666667,0.022733333
9/28/20,7:40:00,,4_14,4,9,14,E,empty,65,9.3,3.1713,no,NA,empty,4E,69,12,0.775,0.264275
9/28/20,7:40:00,,4_5,4,9,5,E,empty,80,5.9,2.0119,no,NA,empty,4E,69,12,0.491666667,0.167658333
9/28/20,7:40:00,,4_18,4,9,18,E,empty,85,1.2,0.4092,no,NA,empty,4E,69,12,0.1,0.0341
9/28/20,7:40:00,,4_4,4,9,4,E,empty,71,5.3,1.8073,no,NA,empty,4E,69,12,0.441666667,0.150608333
9/28/20,7:40:00,,4_15,4,9,15,E,empty,72,0,0,no,NA,empty,4E,69,12,0,0
9/28/20,7:40:00,,4_2,4,9,2,E,empty,74,10.7,3.6487,no,NA,empty,4E,69,12,0.891666667,0.304058333
9/28/20,7:40:00,,4_7,4,9,7,D,pycno,58,2.3,0.7843,yes,NA,pycno,4D,69,12,0.191666667,0.065358333
9/28/20,7:40:00,,4_17,4,9,17,D,pycno,71,1.1,0.3751,yes,NA,pycno,4D,69,12,0.091666667,0.031258333
9/28/20,7:40:00,,4_10,4,9,10,D,pycno,62,6.1,2.0801,yes,NA,pycno,4D,69,12,0.508333333,0.173341667
9/28/20,7:40:00,,4_1,4,9,1,D,pycno,72,3,1.023,yes,NA,pycno,4D,69,12,0.25,0.08525
9/28/20,7:40:00,,4_12,4,9,12,D,pycno,76,0,0,yes,NA,pycno,4D,69,12,0,0
9/28/20,7:40:00,,4_11,4,9,11,D,pycno,64,1.5,0.5115,yes,NA,pycno,4D,69,12,0.125,0.042625
9/28/20,7:40:00,,4_16,4,9,16,D,pycno,67,6.2,2.1142,yes,NA,pycno,4D,69,12,0.516666667,0.176183333
10/2/20,7:55:00,,5_18,5,9,18,D,empty,62,0,0,no,NA,empty,5D,69,12,0,0
10/2/20,7:55:00,,5_1,5,9,1,D,empty,69,4,1.364,no,NA,empty,5D,69,12,0.333333333,0.113666667
10/2/20,7:55:00,,5_10,5,9,10,D,empty,57,4.4,1.5004,no,NA,empty,5D,69,12,0.366666667,0.125033333
10/2/20,7:55:00,,5_7,5,9,7,D,empty,66,2.8,0.9548,no,NA,empty,5D,69,12,0.233333333,0.079566667
10/2/20,7:55:00,,5_5,5,9,5,D,empty,69,1.9,0.6479,no,NA,empty,5D,69,12,0.158333333,0.053991667
10/2/20,7:55:00,,5_15,5,9,15,D,empty,66,3.6,1.2276,no,NA,empty,5D,69,12,0.3,0.1023
10/2/20,7:55:00,,5_11,5,9,11,D,empty,61,8.1,2.7621,no,NA,empty,5D,69,12,0.675,0.230175
10/2/20,7:55:00,,5_13,5,9,13,E,pycno,75,2.9,0.9889,yes,NA,pycno,5E,69,12,0.241666667,0.082408333
10/2/20,7:55:00,,5_6,5,9,6,E,pycno,71,0,0,yes,"visual measurement error gave negative number, changed to 0",pycno,5E,69,12,0,0
10/2/20,7:55:00,,5_4,5,9,4,E,pycno,70,6.7,2.2847,yes,NA,pycno,5E,69,12,0.558333333,0.190391667
10/2/20,7:55:00,,5_17,5,9,17,E,pycno,66,2.9,0.9889,yes,NA,pycno,5E,69,12,0.241666667,0.082408333
10/2/20,7:55:00,,5_16,5,9,16,E,pycno,56,2,0.682,yes,NA,pycno,5E,69,12,0.166666667,0.056833333
10/2/20,7:55:00,,5_2,5,9,2,E,pycno,81,0.1,0.0341,yes,NA,pycno,5E,69,12,0.008333333,0.002841667
10/2/20,7:55:00,,5_14,5,9,14,E,pycno,66,4.3,1.4663,yes,NA,pycno,5E,69,12,0.358333333,0.122191667